	query	docno	relevance
0	戒烟	199	1
1	清华大学游泳馆 学生票价格	18606	1
2	留美 手提行李 液体	9681	2
3	死飞自行车购买 清华	19787	2
4	国际航班 手提 托运 体积 重量 限制	20589	4
5	托运行李 电脑 美国	17079	1
6	戒烟好处	1899	4
7	google眼镜 价格	23004	2
8	清华大学陈明游泳馆学生价格	1981	2
9	新员工培训大约十人的破冰游戏	21854	2
10	清华大学游泳馆所在地	3718	3
11	北京旅行5月	2758	3
12	谷歌眼镜价格	2587	2
13	iphone6 港版价格	12074	3
14	留美 行李中什么必须托运	9732	1
15	清华附近自行车店	10007	1
16	iphone6 国行价格	12093	4
17	国际航班 美国 行李限制	24277	2
18	托运行李 电脑	17036	2
19	密云水库住宿	24553	3
20	辽宁号基本信息	1192	3
21	清华附近死飞	21205	3
22	清华大学游泳馆时间	3455	2
23	清华西门死飞	21274	1
24	辽宁号航母 基本信息	5898	4
25	港版iphone6 z	10698	3
26	怀柔度假村 3日游 价格	6932	2
27	清华附近买自行车	2524	2
28	港版 iphone6关税 	20395	2
29	5月香山	2817	1
30	清华大学游泳馆 西湖游泳馆	16865	3
31	美国 托运行李规定	25481	3
32	死飞  注意事项	22852	2
33	死飞自行车 报价	16358	2
34	清华大学 游泳 票价	7606	3
35	辽宁号 战略作用	8343	3
36	旅行	10345	2
37	清华大学附近 死飞自行车	9943	1
38	港版iphone6支持国内网络运营商	13294	4
39	5月北京周边游	25991	2
40	国际航班 美国 行李限制	24276	3
41	死飞自行车 购买	15424	2
42	iphone6 大陆 港版  价格	3296	4
43	北京周边7日游 报价	12607	2
44	辽宁号 与其他航母的优劣比较	23644	3
45	清华附近买自行车	2523	3
46	在香港买手机带回大陆需要关税吗	11722	2
47	清华西门 死飞	6509	2
48	死飞自行车销售地址	9229	3
49	美国 手提行李限制	8448	2
50	香港 iphone6   关税	18249	2
51	港版iphone6  国内运营商网络支持	23230	4
52	清华大学 十渡	26104	1
53	密云水库住宿	24551	4
54	清华附近卖死飞	21230	2
55	国际航班对行李中液体限制	19817	3
56	山海关旅游 7天	19628	4
57	辽宁号 排水量	16463	2
58	国内iphone6售价	9317	3
59	辽宁号与其他航母相比 优势和劣势	20882	2
60	航母的战略意义	22196	4
61	清华西门 死飞公园	25680	1
62	谷歌眼镜功能 使用方式	24224	3
63	清华大学游泳馆 价钱	11751	1
64	辽宁号的基本信息	21365	3
65	菜户营桥西公交站	8032	4
66	死飞	22115	3
67	清华大学陈明游泳馆价格	1950	2
68	死飞报价	25759	4
69	破冰游戏 	25033	2
70	美国 托运行李规定	25479	3
71	那些行李必须手提	24690	1
72	留美 什么必须托运	9706	4
73	北京周边五月一周度假旅行	10283	1
74	故宫周边交通	13924	2
75	山海关旅游 7天	19627	2
76	5月北京周边	20689	2
77	死飞 清华大学附近	7973	3
78	国内 iphone6  价格  	18207	3
79	港版iphone6需要关税吗	22317	2
80	清华大学 陈明游泳馆	8163	3
81	去美国 不能托运的	25561	1
82	清华大学游泳馆 西湖游泳馆	16863	4
83	谷歌眼镜 使用方法	4965	2
84	北京周边 度假旅行	15092	3
85	死飞自行车注意事项	22374	4
86	 新人培训 破冰游戏	20499	2
87	辽宁号的基本信息	21368	1
88	香港购买iphone6 关税多少	14470	2
89	死飞 海淀	3150	3
90	港版国行iphone6 价格对比	6241	3
91	死飞 清华大学 购买	11953	2
92	国际航班手提行李能带多少液体	21567	2
93	北京度假旅行  一周旅行团	18372	2
94	托运行李限制 国际航班	19338	4
95	如何在香港购买iphone6	13251	3
96	北京5月 周边旅游 攻略	6816	2
97	辽宁号与美国航母对比	26324	3
98	辽宁号的优势与劣势	20025	1
99	国行iphone6  价格	8409	4
100	死飞自行车 清华大学附近 购买渠道	15322	3
101	辽宁号 优势和劣势	22175	1
102	国际航班行李	21509	4
103	港iphone6  国内运营商	18270	3
104	iphone6 香港售价	23161	4
105	去十渡怎么去	26080	2
106	辽宁号的优点	9449	1
107	十渡住宿	24478	3
108	死飞自行车 购买 注意事项	15457	2
109	破冰游戏 新员工培训	14186	1
110	清华大学游泳馆信息	21878	2
111	清华大学西门 哪里卖死飞	25658	2
112	死飞自行车购买注意事项	2502	2
113	清华大学 哪里卖死飞	25631	1
114	清华 死飞自行车	16267	2
115	国际航班 液体登机	7284	2
116	北京周边7日游 报价	12608	2
117	北京周边7日游 花费	12651	2
118	去美国 不能托运的	25559	3
119	国际航班手提行李 液体	14539	3
120	大兴野生动物园	26278	3
121	死飞自行车 清华附近 购买渠道	22649	2
122	北戴河旅游	19539	2
123	清华大学游泳馆 时间	16782	2
124	国内iphone6价格	13229	3
125	辽宁号  	17502	3
126	谷歌眼镜使用方式	9139	1
127	苹果官网	25395	2
128	员工破冰游戏	10255	3
129	北京周边旅游地点 7日游	19467	1
130	港版 大陆iphone6	20365	3
131	辽宁号 优	3370	3
132	戒烟 好处	8289	4
133	清华大学游泳馆学生票价	23111	1
134	十人破冰游戏	13686	3
135	港版iphone6和内地差价	24018	2
136	清华大学游泳馆 游泳卡办理	19969	3
137	清华陈明游泳馆 开放时间	7496	4
138	清华大学露天泳池 学生价格	25275	2
139	北京度假旅行景点推荐	13861	1
140	哪些物品 手提行李	16209	3
141	死飞自行车 购买注意事项	23883	2
142	谷歌眼镜 使用说明	11665	2
143	辽宁号 尺寸	16483	3
144	清华大学附近死飞自行车购买	19670	2
145	港版iphone6支持内地运营商网络吗	21493	4
146	死飞自行车 清华附近 购买地点	22765	2
147	港版iphone	21478	3
148	国际航班行李限制	13590	4
149	北京周边 度假旅行 一周	15132	2
150	国际航班 手提行李 液体 规定	12850	3
151	 新人培训 破冰游戏	20495	3
152	辽宁号相对于其他国家的优点	9435	2
153	iphone6大陆售价	22336	3
154	辽宁号优劣势	1214	1
155	港版iphone6 需不需要关税	19893	2
156	5月香山	2814	1
157	故宫周边旅店	13892	3
158	清华大学	23925	3
159	哪些物品必须托运	16241	2
160	 清华大学  购买死飞	17825	2
161	北京五月份一周度假旅行	2238	3
162	破冰游戏  员工培训	25064	3
163	北京周边5日游	23283	2
164	港版iphone6能否支持国内的通信	19926	4
165	清华 死飞 注意事项	6587	3
166	留美 行李中什么必须托运	9728	2
167	国际航班 手提行李 液体	12816	3
168	新手十人破冰游戏	13712	3
169	辽宁号 战略价值	10641	1
170	谷歌眼镜使用方法	20317	4
171	清华 死飞自行车	16269	2
172	辽宁号 排水量	16459	2
173	北京旅行5月香山	2782	1
174	清华附近购买死飞自行车  价格区间	22810	2
175	北京度假旅行景点	13827	1
176	航母历史	14899	3
177	北京周边旅游7天	19442	2
178	5月北京附近旅游地	23991	3
179	死飞自行车购买渠道 北京	16288	3
180	国际航班手提行李可携带液体数	13634	2
181	死飞自行车购买渠道	14071	2
182	5月北京周边 7天	20737	1
183	北京周边7日游 花费	12647	3
184	辽宁号 优劣	3354	3
185	清华大学游泳馆学生票	3479	2
186	内地iphone6价格	21442	3
187	辽宁号  历史	17480	1
188	死飞自行车 北京  清华大学 购买渠道	22721	2
189	清华大学 买自行车	12027	3
190	破冰游戏 员工培训 10人左右	14201	3
191	香港购买ipo	14384	2
192	死飞自行车 购买 注意	15473	2
193	清华附近购买死飞自行车  价格区间	22813	2
194	清华买死飞	6459	2
195	手提行李限制 国际航班	2629	4
196	北京旅行	2725	2
197	破冰游戏 员工 十人	7429	1
198	死飞公园 清华 价格	17299	2
199	清华大学 购买死飞自行车	19692	2
200	国际航班 行李物品要求	7132	4
201	破冰游戏 十个人	8978	3
202	北京周围 度假旅行 7日	15203	1
203	北京周边旅游景点 7日游	12574	3
204	5月北京周边旅游	11412	3
205	清华大学 哪里有卖 死飞	22058	2
206	iphone6国行 价格	16745	4
207	死飞自行车购买清华大学附近	19741	2
208	清华大学附近哪里卖自行车	12054	2
209	购买港版iphone6是否缴纳关税	24670	2
210	北京附近度假地	23964	4
211	辽宁号战略作用	13051	2
212	携港版iphone6回内地需要交关税吗	24046	2
213	港版iphone6过关	22005	2
214	香港购买iphone 关税	14417	2
215	港版iphone6价格	10680	2
216	手提行李限制 液体	8502	2
217	国际航班 行李限制	12800	3
218	清华大学游泳馆 学生票	15302	2
219	破冰游戏 互相介绍  公司	17143	3
220	谷歌眼镜 使用	11034	3
221	北京周边一周度假旅行	2260	3
222	iphone6 香港 国内网络支持	23196	3
223	5月北京周边旅游	11411	3
224	淘宝	11614	3
225	香港购买iphone6	1126	3
226	托运行李 电脑 美国	17077	2
227	清华大学游泳馆 价格	18684	1
228	谷歌眼镜 如何使用	25372	3
229	清华大学陈明游泳馆学生价格	1984	2
230	辽宁号航母的优势和劣势	24421	2
231	北京5月 度假 攻略	6848	3
232	辽宁号 维基	12757	1
233	死飞自行车  价格区间	22824	2
234	国际航班 托运行李限制	23399	4
235	辽宁号 基本信息	3321	1
236	港版iphone6价格	10678	3
237	北京 死飞	11582	4
238	港币汇率	14347	4
239	戒烟副作用	2605	2
240	北京五月份一周度假旅行	2235	1
241	清华大学 死飞自行车	10741	1
242	北戴河旅游 7天	19575	3
243	辽宁号 不足	3398	2
244	清华大学游泳馆 学生	3495	2
245	清华大学游泳馆 价格	18686	3
246	天龙潭村旅游报价	24946	2
247	港版国行iphone6 价格	6265	3
248	国际航班 手提液体	23464	3
249	iphone6价格	10089	4
250	航母的战略作用	4706	3
251	北京周边旅游 一周	18740	2
252	辽宁号 排水量	16460	2
253	清华附近 死飞 注意事项	21092	1
254	辽宁号 维基	12754	2
255	死飞自行车 清华附近 价格区间	22788	2
256	清华附近自行车店	10008	2
257	国际航班 托运行李	10579	4
258	港版iphone6  价格	8380	3
259	百度旅游	21964	1
260	清华大学 自行车	10808	2
261	国际航班中乘客可以携带多少液体	23823	2
262	清华大学附近购买死飞自行车的渠道	9178	2
263	清华 陈明游泳馆 票价	7575	2
264	大陆iphone6	3257	2
265	北戴河旅游 7天	19576	3
266	港版iphone6  国内运营商网络支持	23234	4
267	辽宁号航母 优劣	14943	2
268	清华大学游泳馆 学生票	15300	2
269	香港购买ipo	14380	2
270	北京周边旅游 一周	18739	2
271	清华大学 死飞自行车市场	10921	2
272	辽宁号 其他国家航母 比较	9579	3
273	北京旅游住宿花费 昌平	9105	1
274	清华大学游泳馆 学生票价格	18607	1
275	谷歌眼镜 百科	22901	3
276	国际航班托运行李 	14570	4
277	国际航班 手提 托运 体积 重量 限制	20588	4
278	菜户营桥西公交站 地图	8058	3
279	戒烟好处	1896	2
280	内地iphone6	24605	2
281	新员工培训大约十人的破冰游戏	21855	2
282	清华大学游泳馆 tsinghua	23128	1
283	iphone6价格	10087	3
284	红螺寺 攻略	26180	4
285	死飞公园 买死飞注意事项	25702	3
286	清华大学 游泳馆	8130	3
287	5月在北京度假旅行	11201	1
288	iphone6 国行价格	12092	3
289	托运行李 电脑	17039	1
290	旅行路线	10369	2
291	辽宁号基本信息	1193	3
292	清华附近死飞	21204	1
293	淘宝	11618	3
294	北京周边 度假旅行 7日	15170	2
295	辽宁号 百科	22578	1
296	辽宁号的优劣	9414	2
297	红螺寺 攻略	26179	3
298	清华西门死飞	21273	4
299	google眼镜 使用方式	22981	1
300	国际航班 必须托运行李	23428	3
301	辽宁号航母 基本信息	5899	3
302	航空母舰的战略意义	26296	3
303	港版iphone6 z	10697	3
304	北京周边旅游 价格	23310	3
305	5月香山	2816	1
306	清华大学游泳馆 游泳卡价格	19945	1
307	清华大学游泳馆学生价	13511	1
308	国际航班 禁止托运	7223	4
309	清华大学 游泳 票价	7607	1
310	旅行	10344	2
311	港版iphone6支持国内网络运营商	13295	3
312	5月北京周边游	25988	3
313	清华大学附近 死飞 购买	21004	1
314	龙庆峡住宿	24514	3
315	死飞自行车 购买	15425	3
316	辽宁号的基本信息	21366	2
317	液体、气雾剂及凝胶在国际航班上的规定	8765	1
318	iphone6 大陆 港版  价格	3299	2
319	清华大学 游泳馆	8128	4
320	去十渡怎么去	26076	4
321	港版 大陆iphone6 价格	20384	3
322	辽宁号 与其他航母的优劣比较	23645	3
323	清华西门 死飞	6510	2
324	死飞自行车销售地址	9226	2
325	死飞自行车 价格区间	23902	2
326	戒烟 方法	14868	3
327	手提行李限制 国际航班 液体	19267	3
328	清华附近卖死飞	21231	2
329	山海关旅游 7天	19629	2
330	北京周边旅游 多日游	18770	3
331	清华大学附近的自行车专卖店	9268	1
332	清华大学游泳馆 价钱	11750	2
333	手提行李中不能携带的物品	8786	3
334	死飞	22114	3
335	清华大学陈明游泳馆价格	1949	3
336	谷歌眼镜 维基百科	22926	2
337	国际航班 手提行李限制	11813	3
338	破冰游戏 	25034	4
339	清华大学 死飞	7954	1
340	托运行李 国际航班 电脑	17115	3
341	故宫周边交通	13923	3
342	5月北京周边	20688	2
343	死飞 清华大学附近	7972	3
344	香港购买iphone6带回要交关税？	13271	2
345	港版iphone6需要关税吗	22316	3
346	死飞自行车 北京	24088	2
347	清华大学 陈明游泳馆	8162	2
348	辽宁号的优势与劣势	20023	1
349	死飞自行车 购买	15423	2
350	去美国 不能托运的	25560	2
351	手提行李   液体容量	17603	3
352	谷歌眼镜 使用方法	4964	2
353	北京周边 度假旅行	15095	2
354	谷歌眼镜 使用方式	8561	3
355	 新人培训 破冰游戏	20498	2
356	香港购买iphone6 关税多少	14471	2
357	死飞 海淀	3149	2
358	港版国行iphone6 价格对比	6240	3
359	死飞自行车 北京 购买渠道	22691	2
360	留美 手提行李 液体	9684	3
361	国际航班手提行李能带多少液体	21566	2
362	清华大学西门 哪里卖死飞	25660	1
363	北京度假旅行  一周旅行团	18375	2
364	怀柔旅游	22427	2
365	中国运营商支持港版iphone6	2447	3
366	手提行李 液体	8736	3
367	北京5月 周边旅游 攻略	6817	2
368	 新人培训 破冰游戏 10人	20513	2
369	辽宁号的优势与劣势	20027	1
370	google眼镜 百度百科	22966	2
371	辽宁号的优势与劣势	20024	1
372	清华大学游泳馆 价钱	11752	1
373	死飞报价	25763	3
374	港版iphone6 内地运营商	10722	2
375	死飞自行车 清华大学附近 购买渠道	15321	2
376	国际航班行李	21508	4
377	港iphone6  国内运营商	18271	3
378	死飞自行车 清华附近 注意事项	22741	2
379	谷歌眼镜功能	10978	2
380	清华西门卖死飞	21254	2
381	十渡住宿	24479	4
382	清华大学西门 哪里卖死飞	25659	2
383	死飞自行车购买注意事项	2503	2
384	辽宁号航母基本信息	24399	2
385	清华大学 哪里卖死飞	25630	1
386	5月北京周边旅游目的地	20763	2
387	破冰游戏 新员工培训 十人	16145	3
388	辽宁号航母 相比别国 优劣	14960	2
389	北京周边7日游 报价	12609	2
390	去美国 不能托运的	25558	1
391	手提行李限制 国际	16976	4
392	大兴野生动物园	26277	3
393	死飞自行车 注意事项	5621	2
394	关于合作的10人左右破冰游戏	24066	2
395	清华西门卖死飞	21257	2
396	国内iphone6价格	13228	3
397	死飞公园 清华	17268	3
398	苹果官网	25392	4
399	密云水库住宿	24552	4
400	谷歌眼镜售价	9157	2
401	死飞自行车 购买注意事项	23885	1
402	港版 大陆iphone6	20364	3
403	辽宁号 优	3371	3
404	戒烟 好处	8288	3
405	死飞自行车  清华西门	18011	2
406	十人破冰游戏	13687	4
407	港版iphone6和内地差价	24019	2
408	清华大学游泳馆 位置	22288	3
409	清华陈明游泳馆 开放时间	7497	3
410	清华大学露天泳池 学生价格	25274	2
411	留美 行李限制	9627	1
412	国际航班 手提行李限制	11814	3
413	哪些物品 手提行李	16208	3
414	如何在香港购买iphone6	13255	4
415	死飞自行车 购买注意事项	23882	2
416	故宫周边交通线	13967	1
417	谷歌眼镜 使用说明	11664	2
418	清华 附近  死飞实体店	10057	2
419	清华大学附近死飞自行车购买	19671	1
420	死飞 价格	3181	3
421	死飞自行车 清华附近 购买地点	22766	1
422	死飞自行车 清华附近 购买	22627	2
423	清华大学游泳馆具体位置	24856	3
424	港版iphone6能否支持国内的通信	19925	3
425	清华大学游泳馆时间	3454	2
426	港iphone6  国内运营商	18272	3
427	死飞自行车 	23854	2
428	iphone6大陆售价	22337	3
429	清华 死飞自行车	16268	2
430	国际航班 液体登机	7285	2
431	在香港买iphone6	21986	4
432	北京周边旅游7天	19444	1
433	辽宁号 优劣势	12783	2
434	哪些物品必须托运	16240	2
435	辽宁号基本信息百科	13759	2
436	美国 不能带上飞机的行李	25511	3
437	北京周边5日游	23282	1
438	iphone6国内售价	19853	3
439	清华 死飞 注意事项	6586	1
440	死飞价格区间	25809	2
441	辽宁号 战略意义	7406	2
442	谷歌眼镜 百科	22899	4
443	清华陈明游泳馆 价格	7518	2
444	清华大学 买自行车	12029	2
445	清华附近购买死飞自行车  价格区间	22811	1
446	北京度假旅行景点	13826	4
447	北京周边五月一周度假旅行	10284	2
448	购买港版iphone6	19878	2
449	5月北京附近旅游地	23990	2
450	国际航班中手提行李中可以有多少液体	8699	3
451	清华 陈明游泳馆 价格	7548	2
452	死飞自行车购买渠道 北京	16289	2
453	5月北京度旅游	11392	2
454	国际航班手提行李可携带液体数	13635	2
455	iphone6国内售价	19850	2
456	有效戒烟	16680	2
457	死飞报价	25761	3
458	辽宁号 优劣	3355	2
459	国际航班行李限制统一规定	13610	3
460	清华大学游泳馆学生票	3476	3
461	死飞 五道口	7991	2
462	托运行李 	17633	3
463	辽宁号航母 优势	15008	2
464	清华大学 买自行车	12026	2
465	必须手提的行李	24299	3
466	5月北京度旅游	11390	1
467	清华大学 哪里有卖 死飞	22060	2
468	死飞自行车 购买 注意	15474	2
469	清华买死飞	6458	2
470	北京及周边休闲7日游 价格	12709	3
471	北京旅行	2722	4
472	破冰游戏 员工 十人	7428	3
473	港版国行iphone6 价格	6269	2
474	港版iphone6过关	22003	1
475	10人 破冰游戏	11555	3
476	吸烟 危害	17669	4
477	清华大学 购买死飞自行车	19693	3
478	国际航班 行李物品要求	7131	4
479	在香港购买iphone6价格	10112	4
480	清华大学游泳馆 学生票	15303	2
481	破冰游戏 十个人	8979	2
482	北京周围 度假旅行 7日	15202	2
483	死飞 购买注意	11980	1
484	托运行李 电脑 美国	17075	2
485	天龙潭村旅游报价	24943	3
486	清华大学 哪里有卖 死飞	22059	3
487	辽宁号航母 优劣	14947	2
488	iphone6国行 价格	16744	2
489	死飞自行车购买清华大学附近	19742	1
490	死飞大概的价格	21342	4
491	港版iphone6能否支持国内的移动通信	19909	3
492	死飞自行车 海淀	5595	2
493	死飞自行车购买	19760	3
494	购买死飞自行车	9297	3
495	港版iphone6过关	22004	2
496	国际航班 托运行李限制	23401	4
497	破冰游戏 企业培训	17171	3
498	辽宁号 与其他国家航母比较	9565	3
499	清华大学 自行车	10807	3
500	死飞 清华大学哪里有卖	11995	3
501	死飞自行车 清华周边	19207	1
502	谷歌眼镜 使用	11033	2
503	戒烟本身的副作用	12288	2
504	国际航班 手提 不能托运	7312	2
505	北京周边一周度假旅行	2261	2
506	清华 陈明游泳馆 票价	7578	2
507	谷歌眼镜使用方式	9140	2
508	辽宁号 不足	3399	2
509	清华大学 游泳 票价	7609	2
510	托运行李 电脑 美国	17076	2
511	谷歌眼镜 如何使用	25373	2
512	清华大学陈明游泳馆学生价格	1985	2
513	辽宁号航母的优势和劣势	24418	2
514	辽宁号航母基本信息	24402	1
515	清华附近 死飞 注意事项	21090	1
516	辽宁号基本信息百科	13761	4
517	辽宁号 维基	12756	2
518	港版iphone6 大陆iphone6	8364	3
519	死飞 购买注意事项	3237	2
520	北京 死飞	11581	2
521	港币汇率	14344	4
522	清华大学 死飞自行车	10740	2
523	北戴河旅游 7天	19574	1
524	国际航班手提行李不能带 	14636	4
525	国际航班 手提液体	23465	3
526	辽宁号航母 优劣	14945	3
527	清华 死飞专卖	11641	2
528	死飞自行车 清华附近 购买渠道	22652	2
529	北京周边旅游 一周	18741	2
530	死飞公园 买死飞注意事项	25699	2
531	清华附近 死飞 注意事项	21093	1
532	辽宁号 其他国家航母 比较	9580	2
533	死飞自行车 清华附近 价格区间	22787	2
534	国际航班 行李限制	12798	4
535	辽宁号优劣	24791	2
536	在香港买iphone 6	25455	3
537	北京5月 周边旅游推荐	6748	2
538	清华大学 自行车	10809	3
539	辽宁号航母 优势	15005	3
540	国际航班中乘客可以携带多少液体	23822	4
541	清华大学附近购买死飞自行车的渠道	9179	2
542	google眼镜 价格	23001	2
543	大陆iphone6	3256	2
544	天龙潭村	24909	4
545	香港购买ipo	14381	2
546	死飞自行车 清华大学 攻略	10960	1
547	辽宁号 比较	9545	4
548	清华大学 死飞自行车市场	10920	2
549	辽宁号 优势劣势	19401	3
550	北京附近度假地	23967	4
551	港版iphone6 入关关税	6223	3
552	破冰游戏  员工培训	25062	1
553	留美 手提行李 液体	9683	3
554	国际航班托运行李 	14571	3
555	到美国的国际航班行李	21536	3
556	美国 托运行李限制	8475	4
557	菜户营桥西公交站 地图	8059	3
558	戒烟好处	1897	4
559	内地iphone6	24604	2
560	新员工培训大约十人的破冰游戏	21852	2
561	清华大学游泳馆 tsinghua	23129	3
562	iphone6价格	10086	2
563	清华大学陈明游泳馆学生价格	1983	2
564	国际航班 必须托运行李	23426	4
565	航空母舰 战略作用	11679	4
566	清华大学游泳馆 游泳卡价格	19943	2
567	iphone6 国行价格	12095	2
568	北京旅游住宿花费	9074	2
569	清华大学游泳馆 场次	16832	2
570	托运行李 电脑	17038	2
571	辽宁号基本信息	1194	2
572	破冰游戏 十人	23618	3
573	清华大学附近 死飞 购买	21002	2
574	北京周边度假旅行 一周	12432	3
575	辽宁号 百科	22579	3
576	戒烟 副作用	8314	2
577	港版iphone6 入关	6200	2
578	港版iphone6  价格	8379	4
579	google眼镜 使用方式	22980	2
580	国际航班 必须托运行李	23429	3
581	北京周边旅游 价格	23309	3
582	港版 iphone6关税 	20393	2
583	清华西门 死飞	6512	2
584	港版iphone6能否支持国内的通信	19929	4
585	清华大学游泳馆 游泳卡价格	19944	2
586	戒烟方法	9752	4
587	国际航班 禁止托运	7222	3
588	北京周边五月一周度假旅行	10285	2
589	死飞自行车清华附近	24978	2
590	清华大学附近 死飞自行车	9941	1
591	5月北京周边游	25989	2
592	购买港版iphone6	19879	3
593	戒烟 方法	14866	2
594	国际航班 美国 行李限制	24278	3
595	港版iphone6 入关	6199	2
596	死飞自行车 购买	15426	3
597	液体、气雾剂及凝胶在国际航班上的规定	8766	1
598	手提行李中不能携带的物品	8788	2
599	iphone6 大陆 港版  价格	3298	2
600	留美 国际航班 手提行李限制	9598	2
601	去十渡怎么去	26077	3
602	在香港买手机带回大陆需要关税吗	11720	3
603	清华西门 死飞	6511	2
604	北京度假旅行 5月	24449	2
605	死飞自行车销售地址	9227	3
606	死飞自行车 价格区间	23903	2
607	戒烟 方法	14869	1
608	北京周边旅游景点	12545	3
609	清华大学游泳馆 开放时间	5268	2
610	托运行李 国际航班 电脑	17117	3
611	清华大学 十渡	26106	2
612	死飞自行车 报价	16361	3
613	清华大学附近购买死飞自行车	10760	2
614	山海关旅游 7天	19630	2
615	北京周边旅游 多日游	18771	2
616	清华大学附近的自行车专卖店	9269	2
617	辽宁号的优劣	9416	4
618	清华西门 死飞公园	25682	1
619	死飞自行车 清华附近	2483	2
620	清华大学游泳馆 价钱	11749	3
621	手提行李   液体容量	17605	3
622	网上买死飞 注意事项	6678	2
623	手提行李中不能携带的物品	8787	3
624	死飞	22113	2
625	死飞自行车价格	9963	3
626	辽宁号的优点	9445	2
627	破冰游戏 	25035	2
628	iphone6 大陆 港版  价格	3295	3
629	清华大学游泳馆 地点	21143	2
630	清华大学 死飞	7955	2
631	留美 什么必须托运	9704	3
632	国际航班中手提行李中可以有多少液体	8701	3
633	5月北京周边	20687	3
634	死飞 清华大学附近	7975	1
635	香港购买iphone6带回要交关税？	13270	3
636	买死飞注意事项	21325	1
637	5月北京周边 7天	20739	1
638	死飞自行车 北京	24089	2
639	国际航班 行李物品液体要求	7158	4
640	清华大学游泳馆 游泳卡	18632	2
641	北京周边7日游 花费	12649	2
642	辽宁号 不足	3397	3
643	手提行李   液体容量	17602	3
644	清华大学 陈明游泳馆 价格	8187	2
645	北京周边 度假旅行	15094	2
646	辽宁号  基本信息	17438	2
647	谷歌眼镜 使用方式	8560	2
648	北京度假旅行  怀柔度假村	18491	3
649	 新人培训 破冰游戏	20497	3
650	香港购买iphone6 关税多少	14468	2
651	死飞 海淀	3148	3
652	清华大学露天游泳馆	25250	2
653	北京周边旅游推荐	6725	3
654	死飞自行车  购买注意事项	17939	2
655	航母作用	3423	4
656	北京度假旅行  一周旅行团	18374	2
657	托运行李限制 国际航班	19336	4
658	怀柔旅游	22426	2
659	清华大学附近哪里卖死飞	25607	1
660	怀柔	22396	2
661	清华 游泳 票价	7747	4
662	google眼镜 百度百科	22965	2
663	5月北京周边旅游 价格	23342	3
664	死飞自行车 清华大学附近 购买渠道	15320	2
665	北京周边旅游地点	19418	3
666	国际航班行李	21507	3
667	买死飞注意事项	21327	2
668	北京周边旅游 价格	23313	3
669	清华西门卖死飞	21255	2
670	破冰游戏 新员工培训	14184	2
671	谷歌眼镜售价	9155	2
672	国际航班中哪些行李必须手提	23759	4
673	清华大学游泳馆 地址	15237	3
674	新员工培训时的破冰游戏	9003	2
675	死飞自行车 清华	3096	2
676	5月北京周边旅游目的地	20762	2
677	国际航班 液体登机	7286	3
678	辽宁号航母 相比别国 优劣	14961	3
679	北京及周边休闲7日游线路	12683	2
680	国际航班 手提行李 液体 规定	12846	4
681	谷歌眼镜 功能能	14824	2
682	北戴河旅游	19537	2
683	必须手提的行李	24296	3
684	北京旅游住宿花费	9077	1
685	辽宁号  	17504	3
686	苹果官网	25393	4
687	清华大学 哪里有卖 死飞	22061	1
688	北京周边旅游地点 7日游	19465	2
689	死飞自行车 购买注意事项	23884	2
690	香港 iphone6  价格  	18226	3
691	北京周边  7天旅游	12510	1
692	辽宁号 优	3372	3
693	辽宁号  战略目标	17456	3
694	死飞自行车  清华西门	18008	2
695	北京及周边休闲7日游线路	12684	2
696	清华大学游泳馆 位置	22289	3
697	清华大学陈明游泳馆价格	1952	3
698	清华陈明游泳馆 开放时间	7494	4
699	港版iphone6缴纳关税	24252	2
700	留美 国际航班 手提行李限制	9597	2
701	哪些物品 手提行李	16211	4
702	死飞 清华附近	8085	2
703	辽宁号 优势和劣势	22178	1
704	故宫周边交通线	13966	1
705	清华大学附近 购买自行车	10842	2
706	港版iphone	21476	2
707	死飞自行车 清华附近 购买	22626	1
708	北京周边 度假旅行 一周	15130	3
709	有效戒烟	16679	1
710	国际航班 手提行李 液体 规定	12848	3
711	港iphone6  国内运营商	18273	3
712	国际航班中有关行李的规定	23698	4
713	清华陈明游泳馆 价格	7519	2
714	戒烟的益处	13531	3
715	iphone6 大陆 港版	3276	3
716	手提行李液体 	2691	3
717	港版iphone6 需不需要关税	19895	2
718	青龙峡 红螺寺	26260	3
719	故宫周边旅店	13894	1
720	手提行李限制 国际航班	2633	3
721	港版iphone6 大陆运营商	22025	3
722	在香港买iphone6	21987	3
723	死飞自行车  清华大学  注意事项	17775	1
724	清华大学游泳馆 地图	15268	3
725	破冰游戏作用	14254	2
726	清华 陈明游泳馆 价格	7546	2
727	北京周边5日游	23281	2
728	iphone6国内售价	19852	2
729	清华 死飞 注意事项	6585	2
730	山海关旅游 7天	19626	2
731	破冰游戏  十人	7453	2
732	破冰游戏  员工培训 10人	25093	2
733	辽宁号与其他国家航母的对比	22457	2
734	手提行李液体 	2692	3
735	清华大学 买自行车	12028	3
736	北京周边游 攻略	26204	3
737	辽宁号 排水量	16461	3
738	航母作用	3424	4
739	死飞自行车 购买 注意	15476	4
740	清华大学 游泳馆	8129	3
741	北京度假旅行景点	13829	4
742	手提行李限制 国际航班 液体	19268	3
743	死飞公园 清华附近	8108	4
744	港版iphone6价格	10682	3
745	清华 陈明游泳馆 价格	7549	2
746	5月北京度旅游	11393	1
747	有效戒烟	16681	3
748	死飞报价	25760	3
749	辽宁号 优劣	3352	2
750	国际航班行李限制统一规定	13611	3
751	清华大学游泳馆学生票	3477	2
752	谷歌眼镜 功能	4917	2
753	北京周边一周度假旅行	2264	2
754	北京周边旅游景点 7日游	12571	3
755	死飞 五道口	7990	1
756	死飞自行车 北京  清华大学 购买渠道	22723	1
757	谷歌眼镜功能	10974	2
758	北京旅游花费	9050	1
759	破冰游戏 员工培训 10人左右	14203	3
760	5月北京度旅游	11391	1
761	如何在香港购买iphone6	13252	4
762	死飞自行车 购买 注意	15475	2
763	清华大学游泳馆 具体地址	25199	3
764	清华买死飞	6457	2
765	北京及周边休闲7日游 价格	12708	3
766	清华大学附近哪里卖自行车	12051	2
767	港版 大陆iphone6 价格	20381	2
768	北京旅行	2723	3
769	港版iphone6过关	22002	2
770	清华 死飞 推荐	6534	3
771	北京5月 度假 攻略	6845	1
772	港版iphone6 国行 价格	16727	3
773	辽宁号航母 优势	15009	2
774	死飞自行车购买渠道	14072	2
775	死飞 清华大学哪里有卖	11997	1
776	破冰游戏 十个人	8976	3
777	破冰游戏 互相介绍  公司	17146	2
778	如何购买港版iphone6	9343	2
779	iphone6	349	4
780	在香港购买iphone6价格	10110	3
781	死飞大概的价格	21343	1
782	戒烟本身的副作用	12287	1
783	港版iphone6能否支持国内的移动通信	19908	4
784	死飞自行车 海淀	5592	3
785	清华大学游泳馆 西湖游泳馆	16866	2
786	购买死飞自行车	9296	2
787	港版iphone6 入关关税	6225	2
788	港版iphone6 价格	16708	3
789	辽宁号 与其他国家航母比较	9564	4
790	死飞自行车 清华周边	19206	2
791	北京5月 周边旅游 报价	6778	2
792	国际航班 手提 不能托运	7313	2
793	北京周边一周度假旅行	2262	3
794	清华 陈明游泳馆 票价	7579	3
795	港版iphone6支持国内网络运营商	13296	3
796	谷歌眼镜 如何使用	25374	2
797	死飞自行车 清华附近 注意事项	22743	1
798	辽宁号航母的优势和劣势	24419	3
799	戒烟的副作用	4386	2
800	辽宁号航母基本信息	24401	3
801	清华附近 死飞 注意事项	21091	1
802	港版iphone6 大陆iphone6	8363	4
803	北京周边旅游	11474	2
804	港版iphone6 在哪买	6170	2
805	辽宁号基本信息百科	13757	1
806	破冰游戏  十人	7452	4
807	死飞 购买注意事项	3238	2
808	辽宁号航母 优势	15006	2
809	香港购买iphone6 关税	1145	2
810	港币汇率	14345	4
811	陈明游泳馆 时间	16808	2
812	破冰游戏作用	14255	3
813	北戴河旅游 7天	19573	3
814	辽宁号和别国航母相比 优势和劣势	22163	2
815	国际航班手提行李不能带 	14637	4
816	北京度假旅行  怀柔度假村	18493	1
817	谷歌眼镜 功能	4916	2
818	北京周边旅游 一周	18742	2
819	北京周边旅游地点	19420	3
820	死飞自行车 清华附近 价格区间	22786	2
821	北京附近度假地	23966	4
822	国际航班 行李限制	12799	4
823	清华大学到十渡	26143	2
824	百度旅游	21966	3
825	戒烟的好处	22475	4
826	美国 托运行李限制	8474	3
827	十渡住宿	24480	3
828	清华大学附近购买死飞自行车的渠道	9180	1
829	google眼镜 价格	23000	4
830	大陆iphone6	3259	2
831	清华大学游泳馆 学生	3496	2
832	清华附近 死飞 购买	21066	2
833	香港购买ipo	14382	3
834	清华大学陈明游泳馆学生价格	1982	2
835	谷歌眼镜价格	2583	2
836	破冰游戏  员工培训	25063	4
837	戒烟的好处	22476	3
838	国际航班托运行李 	14572	4
839	到美国的国际航班行李	21537	2
840	清华大学游泳馆学生价	13515	2
841	香港购买iphone6 关税	1143	3
842	内地iphone6	24607	3
843	北京周边游 	26228	3
844	辽宁号战略意义	20001	4
845	google眼镜 维基百科	22945	2
846	戒烟 副作用	8316	2
847	清华大学游泳馆所在地	3715	3
848	国际航班 必须托运行李	23427	3
849	死飞自行车购买 清华	19790	1
850	5月在北京度假旅行	11203	2
851	在香港买手机带回大陆需要关税吗	11719	2
852	液体、气雾剂及凝胶在国际航班上的规定	8768	3
853	清华大学陈明游泳馆学生卡	2042	3
854	iphone6 国行价格	12094	3
855	香港购买ipo	14383	2
856	内地iphone6价格	21438	2
857	辽宁号与美国航母对比	26323	3
858	死飞自行车清华附近	24980	1
859	死飞自行车	77	2
860	留美 行李限制	9626	2
861	清华大学附近 死飞 购买	21001	2
862	飞机 托运行李限制	23372	4
863	辽宁号 百科	22576	4
864	戒烟 副作用	8315	2
865	港版iphone6 入关	6201	2
866	辽宁号的优势与劣势	20026	1
867	怀柔度假村 3日游 价格	6929	2
868	清华西门 死飞	6513	2
869	戒烟方法	9755	2
870	清华大学 死飞自行车市场	10922	2
871	国际航班 禁止托运	7225	2
872	留美 什么必须托运	9703	1
873	清华大学 游泳 票价	7605	2
874	5月 北京周边旅游 	20810	3
875	那些行李必须手提	24689	3
876	龙庆峡住宿	24512	3
877	港版iphone6  国内网络支持	23212	3
878	死飞自行车 购买	15427	3
879	液体、气雾剂及凝胶在国际航班上的规定	8767	2
880	清华大学游泳馆 所在地	12403	3
881	谷歌眼镜 维基百科	22923	1
882	去十渡怎么去	26078	2
883	在香港买手机带回大陆需要关税吗	11721	2
884	北京度假旅行 5月	24448	1
885	 买死飞注意事项	25723	1
886	死飞自行车 北京 购买渠道	22689	3
887	在香港买iphone 6	25458	4
888	死飞自行车 价格区间	23900	4
889	戒烟 方法	14870	2
890	北京周边旅游景点	12544	3
891	托运行李 国际航班 电脑	17116	3
892	清华附近卖死飞	21229	2
893	清华大学附近购买死飞自行车	10761	3
894	国际航班对行李中液体限制	19820	3
895	国际航班手提行李限制	14511	3
896	清华大学附近的自行车专卖店	9266	2
897	5月北京周边 7天	20738	1
898	死飞自行车 清华附近	2482	2
899	清华大学游泳馆 游泳卡办理	19971	2
900	北京周边7日游 花费	12648	2
901	网上买死飞 注意事项	6677	1
902	死飞	22112	4
903	死飞自行车价格	9962	4
904	死飞自行车 清华附近 购买渠道	22650	1
905	辽宁号的优点	9446	2
906	辽宁号  基本信息	17439	2
907	国际航班中哪些行李必须托运	23724	4
908	留美 什么必须托运	9705	2
909	死飞自行车  购买注意事项	17941	2
910	国际航班中手提行李中可以有多少液体	8702	1
911	怀柔旅游	22428	3
912	死飞 清华大学附近	7974	1
913	怀柔	22394	4
914	港版iphone6需要关税吗	22318	2
915	死飞自行车 北京	24086	3
916	国际航班 行李物品液体要求	7159	3
917	清华大学 陈明游泳馆	8160	4
918	去美国 不能托运的	25562	3
919	清华大学 陈明游泳馆 价格	8186	3
920	iphone6 香港售价	23157	2
921	谷歌眼镜 使用方式	8563	3
922	死飞自行车注意事项	22371	3
923	香港购买iphone6 关税多少	14469	2
924	清华大学露天游泳馆	25249	4
925	国际航班中哪些行李必须托运	23723	3
926	北京周边旅游推荐	6724	2
927	谷歌眼镜 百科	22900	4
928	死飞自行车购买注意事项	2506	1
929	托运行李限制 国际航班	19337	3
930	清华大学附近哪里卖死飞	25606	1
931	怀柔	22397	3
932	清华大学 哪里卖死飞	25627	2
933	清华 游泳 票价	7746	2
934	国际航班 液体登机	7288	3
935	清华大学游泳馆信息	21877	2
936	google眼镜 百度百科	22964	2
937	北京周边游 	26229	1
938	破冰游戏 自我介绍	11145	2
939	港版iphone6 内地运营商	10724	2
940	北京周边的度假胜地	9025	3
941	买死飞注意事项	21326	2
942	北京周边旅游 价格	23312	2
943	国际航班 行李要求	7086	4
944	北京度假旅行景点推荐	13864	3
945	北京旅游住宿花费	9076	2
946	国内iphone6价格	13225	4
947	破冰游戏 新员工培训	14185	2
948	死飞自行车 清华大学附近 购买	15369	2
949	国际航班中哪些行李必须手提	23758	4
950	港版 大陆iphone6	20361	3
951	新员工培训时的破冰游戏	9002	1
952	死飞自行车 清华	3097	2
953	5月北京周边旅游目的地	20761	2
954	破冰游戏 新员工培训 十人	16147	2
955	北京周边5月 度假 攻略	6908	2
956	辽宁号航母 相比别国 优劣	14962	2
957	哪些物品只能托运	8816	4
958	北京及周边休闲7日游线路	12682	3
959	手提行李限制 国际	16978	4
960	国际航班 手提行李 液体 规定	12847	3
961	谷歌眼镜 功能能	14825	3
962	关于合作的10人左右破冰游戏	24068	4
963	留美 国际航班 手提行李限制	9595	3
964	辽宁号  	17505	1
965	死飞公园 清华	17270	3
966	清华 附近  死飞	10034	1
967	清华大学游泳馆 地图	15269	2
968	死飞 价格	3178	3
969	北京周边5月 度假 攻略	6907	2
970	港版iphone	21474	3
971	死飞自行车 清华附近 购买	22628	2
972	清华大学游泳馆 位置	22290	3
973	清华陈明游泳馆 开放时间	7495	3
974	港版iphone6缴纳关税	24251	2
975	死飞自行车 	23851	3
976	清华 游泳卡	7775	2
977	戒烟的益处	13533	3
978	哪些物品 手提行李	16210	3
979	香港 超过多少钱需要交关税	25430	2
980	辽宁号优势	2463	2
981	故宫周边交通线	13965	1
982	清华 附近  死飞实体店	10059	2
983	清华大学附近死飞自行车购买	19669	2
984	辽宁号 战略作用	8346	2
985	怀柔度假村 3日游 花费	6961	1
986	港版iphone	21477	4
987	十人破冰游戏	13688	4
988	北京周边 度假旅行 一周	15131	2
989	港版iphone6 z	10701	2
990	北京五月一周度假旅行	2207	1
991	国际航班 手提行李 液体 规定	12849	3
992	iphone6 香港售价 关税	23178	2
993	国际航班 手提行李 液体	12820	3
994	辽宁号与其他国家航母对比	26345	3
995	死飞自行车 	23852	3
996	北京周边旅游景点	12543	2
997	iphone6 大陆 港版	3277	2
998	港版iphone6 需不需要关税	19894	2
999	青龙峡 红螺寺	26259	2
1000	清华大学陈明游泳馆	1927	3
1001	谷歌眼镜 使用说明	11663	3
1002	手提行李限制 国际航班	2632	3
1003	港版iphone6 大陆运营商	22024	2
1004	国际航班手提行李可携带液体	13655	3
1005	死飞自行车  清华大学  注意事项	17774	1
1006	清华大学	23928	3
1007	哪些物品必须托运	16242	2
1008	清华大学 自行车市场	10885	3
1009	死飞 注意事项	3213	2
1010	清华 陈明游泳馆 价格	7547	3
1011	北京周边5日游	23280	2
1012	港版iphone6 运营商	6184	3
1013	辽宁号相对于其他国家的优点	9436	3
1014	死飞自行车清华大学	10935	2
1015	破冰游戏  十人	7450	3
1016	死飞自行车 清华大学 攻略	10958	1
1017	破冰游戏  员工培训 10人	25092	2
1018	辽宁号与其他国家航母的对比	22456	3
1019	辽宁号 战略价值	10642	3
1020	 清华大学  死飞专卖店	17883	1
1021	国际航班中哪些行李必须手提	23762	3
1022	死飞自行车 购买 注意	15477	2
1023	清华附近购买死飞自行车  价格区间	22809	2
1024	北京度假旅行景点	13828	3
1025	北京周边五月一周度假旅行	10282	2
1026	港版iphone6 购买	16196	2
1027	死飞公园 清华附近	8111	2
1028	航母历史	14900	3
1029	5月北京附近旅游地	23988	2
1030	手提行李液体 国际航班	2657	4
1031	十渡攻略	26050	3
1032	5月北京度旅游	11394	2
1033	辽宁号 尺寸	16482	2
1034	北京周边7日游 花费	12650	2
1035	死飞自行车清华大学	10938	2
1036	国际航班行李限制统一规定	13608	4
1037	新手十人破冰游戏	13710	3
1038	死飞自行车 北京  清华大学 购买渠道	22722	2
1039	北京旅游花费	9051	2
1040	托运行李 	17635	4
1041	国际航班 行李要求	7084	4
1042	清华大学 哪里有卖 死飞	22062	1
1043	 清华大学  死飞专卖店	17884	1
1044	港版 大陆iphone6 价格	20380	2
1045	破冰游戏 员工 十人	7430	2
1046	清华 死飞 推荐	6535	2
1047	辽宁号 优势劣势	19399	2
1048	吸烟 危害	17671	4
1049	清华大学 购买死飞自行车	19691	2
1050	港版iphone6 运营商	6182	4
1051	北京周边度假旅行 7天	12476	2
1052	死飞自行车购买渠道	14073	3
1053	死飞 清华大学哪里有卖	11996	2
1054	清华 游泳卡	7776	2
1055	破冰游戏 十个人	8977	4
1056	北京5月 周边旅游 报价	6780	1
1057	辽宁号  历史	17478	1
1058	戒烟 坏处	5657	2
1059	iphone6	350	3
1060	在香港购买iphone6价格	10109	3
1061	北京周边 度假旅行 7日	15169	3
1062	航母能发挥的战略作用	24427	4
1063	戒烟本身的副作用	12286	2
1064	港版iphone6能否支持国内的移动通信	19911	4
1065	死飞自行车 海淀	5593	2
1066	购买死飞自行车	9299	3
1067	死飞价格区间	25808	2
1068	香港购买iphone 关税	14420	3
1069	港版iphone6 入关关税	6224	2
1070	清华大学游泳馆 地图	15270	2
1071	破冰游戏 企业培训	17173	4
1072	留美 手提行李 液体	9685	2
1073	死飞自行车 清华周边	19205	2
1074	北京5月 周边旅游 报价	6779	1
1075	国际航班 手提 不能托运	7314	1
1076	北京周边一周度假旅行	2263	2
1077	iphone6 香港 国内网络支持	23193	2
1078	死飞公园 买死飞注意事项	25703	2
1079	谷歌眼镜 如何使用	25375	2
1080	iphone6国行 价格	16743	4
1081	死飞自行车 清华附近 注意事项	22742	1
1082	戒烟的副作用	4387	2
1083	辽宁号航母基本信息	24400	4
1084	大约十人的破冰游戏	21832	3
1085	北京周边旅游	11473	3
1086	北京周边五日以上度假旅行	2300	2
1087	手提行李限制 液体	8504	3
1088	清华大学到十渡	26145	1
1089	辽宁号战略作用	13050	3
1090	清华大学游泳馆位置	9359	2
1091	十人破冰游戏	13685	3
1092	香港购买iphone6 关税	1144	2
1093	戒烟 坏处	5655	4
1094	清华大学 死飞自行车	10738	2
1095	美国 不能托运的	25541	4
1096	港版国行iphone6 价格	6268	3
1097	国际航班 手提液体	23463	4
1098	清华 死飞专卖	11643	3
1099	死飞自行车 清华大学 攻略	10959	2
1100	航母战略作用	24833	3
1101	北京周边旅游地点	19421	3
1102	死飞自行车 清华附近 价格区间	22785	1
1103	国际航班 托运行李	10582	3
1104	清华大学到十渡	26142	1
1105	辽宁号优劣	24793	3
1106	北京5月 周边旅游推荐	6750	2
1107	戒烟的好处	22474	4
1108	国际航班中乘客可以携带多少液体	23820	3
1109	菜户营桥西公交站 地图	8062	3
1110	大陆iphone6	3258	3
1111	北京周边游 	26226	3
1112	清华大学游泳馆 学生	3497	4
1113	天龙潭村	24911	2
1114	死飞自行车 清华附近 注意事项	22744	1
1115	北京旅行5月	2757	2
1116	谷歌眼镜 价格	11016	3
1117	iphone6 港版价格	12077	2
1118	天龙潭村	24910	3
1119	5月在北京度假旅行	11205	2
1120	北京旅游住宿花费 昌平	9108	2
1121	清华大学陈明游泳馆学生卡	2043	3
1122	国际航班托运行李 	14573	4
1123	国内 iphone6  价格  	18205	3
1124	清华大学游泳馆学生价	13514	2
1125	北京周边 度假旅行 7日	15167	2
1126	托运行李 电脑	17035	3
1127	香港购买iphone6 关税	1142	2
1128	内地iphone6	24606	2
1129	清华附近死飞	21208	2
1130	辽宁号战略意义	20000	4
1131	留美 行李限制	9625	2
1132	google眼镜 维基百科	22944	3
1133	清华西门死飞	21277	3
1134	google眼镜 使用方式	22977	2
1135	航空母舰的战略意义	26300	3
1136	死飞自行车购买 清华	19789	2
1137	5月在北京度假旅行	11202	1
1138	港版 iphone6关税 	20396	2
1139	清华大学游泳馆 游泳卡价格	19941	3
1140	港版iphone6	1114	2
1141	避暑山庄旅游 7天	19599	4
1142	死飞  注意事项	22849	3
1143	辽宁号基本信息	1196	1
1144	死飞自行车清华附近	24981	1
1145	破冰游戏 十人	23620	3
1146	清华大学游泳馆 tsinghua	23126	3
1147	清华大学附近 死飞 购买	21000	3
1148	飞机 托运行李限制	23371	3
1149	辽宁号 百科	22577	3
1150	死飞 清华大学	8010	3
1151	戒烟方法	9754	4
1152	国际航班 禁止托运	7224	2
1153	避暑山庄旅游 7天	19600	2
1154	辽宁号  基本信息	17437	3
1155	清华附近卖死飞	21227	2
1156	5月 北京周边旅游 	20811	2
1157	国际航班对行李中液体限制	19818	3
1158	辽宁号航母 优劣	14946	3
1159	辽宁号与其他航母相比 优势和劣势	20885	2
1160	龙庆峡住宿	24511	4
1161	港版iphone6  国内网络支持	23213	3
1162	航母的战略意义	22195	3
1163	清华 死飞 注意事项	6588	2
1164	网上买死飞 注意事项	6675	2
1165	辽宁号 其他国家航母 比较	9581	2
1166	菜户营桥西公交站	8035	3
1167	去十渡怎么去	26079	4
1168	北京度假旅行 5月	24451	1
1169	死飞自行车销售地址	9225	3
1170	 买死飞注意事项	25724	2
1171	在香港买iphone 6	25457	3
1172	死飞自行车 价格区间	23901	3
1173	辽宁号的优劣	9415	2
1174	故宫周边交通	13927	1
1175	清华大学附近购买死飞自行车	10762	1
1176	国际航班手提行李限制	14508	4
1177	清华大学陈明游泳馆 价格	10399	2
1178	死飞大概的价格	21346	2
1179	清华大学附近的自行车专卖店	9267	3
1180	去美国 不能托运	25582	3
1181	辽宁号航母 相比别国 优劣	14958	3
1182	清华大学游泳馆 游泳卡	18631	2
1183	死飞自行车 清华附近	2481	2
1184	清华大学游泳馆 游泳卡办理	19972	2
1185	清华大学游泳馆具体位置	24857	2
1186	北京周边 度假旅行	15091	2
1187	中国运营商支持港版iphone6	2450	3
1188	辽宁号的优点	9447	3
1189	死飞自行车注意事项	22373	3
1190	香港购买iphone6 关税多少	14467	2
1191	到美国的国际航班行李	21534	4
1192	死飞自行车  购买注意事项	17942	2
1193	5月北京周边	20685	4
1194	怀柔	22395	2
1195	国内 iphone6  价格  	18203	1
1196	清华 游泳 票价	7748	1
1197	国际航班 行李物品液体要求	7156	3
1198	谷歌眼镜 如何使用	25376	1
1199	国行iphone6  价格	8410	4
1200	大兴野生动物园	26280	2
1201	清华大学 陈明游泳馆 价格	8185	2
1202	iphone6 香港售价	23158	4
1203	清华 附近  死飞	10035	3
1204	清华大学露天游泳馆	25248	2
1205	清华大学游泳馆 地点	21144	2
1206	死飞自行车 购买 注意事项	15458	1
1207	国际航班手提行李能带多少液体	21563	2
1208	北京旅行5月香山	2785	2
1209	北京周边  7天旅游	12514	2
1210	清华大学附近哪里卖死飞	25605	2
1211	国内iphone6售价	9318	2
1212	 新人培训 破冰游戏 10人	20516	2
1213	辽宁号 优势和劣势	22177	1
1214	google眼镜 百度百科	22963	2
1215	5月北京周边旅游 价格	23340	2
1216	破冰游戏 自我介绍	11144	1
1217	手提行李限制 国际	16980	4
1218	北京周边的度假胜地	9026	3
1219	北京周边 度假旅行 	7849	2
1220	北戴河旅游	19540	4
1221	死飞自行车使用方法	14131	2
1222	清华大学游泳馆 时间	16781	2
1223	去美国 不能托运	25585	3
1224	清华西门卖死飞	21253	2
1225	谷歌眼镜使用方式	9136	2
1226	死飞自行车 清华大学附近 购买	15370	2
1227	谷歌眼镜售价	9153	3
1228	新员工培训时的破冰游戏	9001	3
1229	买死飞 注意事项	6628	1
1230	破冰游戏 新员工培训 十人	16148	2
1231	北京周边5月 度假 攻略	6909	1
1232	破冰游戏十人	2362	4
1233	哪些物品只能托运	8817	2
1234	手提行李限制 国际	16979	2
1235	死飞自行车 清华大学附近 购买渠道	15319	2
1236	清华大学游泳馆 位置	22292	2
1237	清华大学游泳馆 场次	16829	2
1238	谷歌眼镜 功能能	14826	2
1239	清华大学露天泳池 学生价格	25278	2
1240	关于合作的10人左右破冰游戏	24069	2
1241	留美 国际航班 手提行李限制	9594	2
1242	辽宁号  	17506	2
1243	故宫周边交通线	13963	1
1244	香港 iphone6  价格  	18224	3
1245	港版iphone	21475	3
1246	国际航班行李限制	13593	4
1247	航空母舰 战略作用	11683	2
1248	港版iphone6 入关关税	6221	2
1249	iphone6 香港售价 关税	23180	2
1250	港版iphone6缴纳关税	24250	2
1251	死飞自行车 	23850	4
1252	戒烟的益处	13534	1
1253	辽宁号优劣势	1213	2
1254	谷歌眼镜 使用港式	12382	2
1255	死飞 清华大学附近	7976	1
1256	辽宁号优势	2462	2
1257	故宫周边交通线	13964	1
1258	清华 附近  死飞实体店	10058	2
1259	清华大学游泳馆开放时间段	25299	2
1260	清华大学附近 购买自行车	10840	2
1261	港版国行iphone6 价格	6266	4
1262	怀柔度假村 3日游 花费	6962	1
1263	北京五月份一周度假旅行	2237	1
1264	十人破冰游戏	13689	3
1265	北京周边 度假旅行 一周	15128	2
1266	北京五月一周度假旅行	2206	1
1267	航母的战略作用	4702	3
1268	北京度假旅行  怀柔度假村	18492	2
1269	国际航班行李限制统一规定	13607	4
1270	iphone6 香港售价 关税	23179	2
1271	国际航班 手提行李 液体	12819	3
1272	破冰游戏  员工培训 10人	25090	3
1273	谷歌眼镜使用方法	20318	2
1274	手提行李液体 	2689	3
1275	员工破冰游戏	10257	2
1276	青龙峡 红螺寺	26258	3
1277	清华大学陈明游泳馆	1924	3
1278	北京旅行5月香山	2781	2
1279	清华大学陈明游泳馆 价格	10401	2
1280	港版iphone6 大陆运营商	22027	2
1281	国际航班手提行李可携带液体	13654	3
1282	死飞自行车  清华大学  注意事项	17773	1
1283	北京周边旅游7天	19441	1
1284	购买死飞自行车	9295	3
1285	辽宁号 基本信息	3320	2
1286	死飞 注意事项	3212	4
1287	美国 不能带上飞机的行李	25512	3
1288	iphone6国内售价	19854	4
1289	航母能发挥的战略作用	24431	3
1290	死飞价格区间	25812	1
1291	破冰游戏  十人	7451	4
1292	清华大学游泳馆  开放时间	18025	3
1293	航母 战略意义	14925	3
1294	内地iphone6售价	24632	2
1295	国际航班中哪些行李必须手提	23761	3
1296	航母作用	3426	4
1297	iphone6大陆售价	22334	3
1298	手提行李限制 国际航班 液体	19266	2
1299	港版iphone6 购买	16199	2
1300	死飞公园 清华附近	8110	2
1301	10人 破冰游戏	11559	3
1302	航母战略作用	24831	3
1303	死飞自行车购买渠道 北京	16292	2
1304	国际航班 行李物品要求	7135	3
1305	死飞报价	25762	3
1306	破冰游戏 十人	23621	4
1307	死飞自行车清华大学	10939	1
1308	国际航班手提行李 液体	14536	3
1309	死飞自行车 清华大学	5572	2
1310	北京周边旅游景点 7日游	12573	2
1311	新手十人破冰游戏	13709	3
1312	国际航班 液体托运	7193	3
1313	辽宁号相对于其他国家的优点	9432	2
1314	航母 战略意义	14922	3
1315	辽宁号优劣势	1216	4
1316	北京旅游花费	9048	2
1317	托运行李 	17634	4
1318	国际航班 行李要求	7083	4
1319	如何在香港购买iphone6	13254	4
1320	国际航班 托运行李	10580	4
1321	北京周边 度假旅行 7日	15168	2
1322	死飞公园 价格	25830	2
1323	清华 附近  死飞	10036	2
1324	清华大学附近哪里卖自行车	12053	3
1325	北京5月 周边旅游 攻略	6814	1
1326	携港版iphone6回内地需要交关税吗	24045	1
1327	死飞价格区间	25811	2
1328	清华 死飞 推荐	6536	2
1329	北京5月 度假 攻略	6847	1
1330	港版iphone6  价格	8381	3
1331	手提行李限制 液体	8501	3
1332	港版iphone6 运营商	6183	3
1333	北京周边度假旅行 7天	12475	2
1334	死飞自行车购买渠道	14074	3
1335	死飞 清华大学哪里有卖	11999	1
1336	北京5月 周边旅游 报价	6781	2
1337	辽宁号  历史	17479	2
1338	如何购买港版iphone6	9341	2
1339	北京周边 旅游	7931	3
1340	辽宁号  战略目标	17460	3
1341	谷歌眼镜 使用港式	12386	3
1342	港版iphone6能否支持国内的移动通信	19910	4
1343	购买死飞自行车	9298	3
1344	北京度假旅行  旅行团	18442	2
1345	国际航班 手提 托运 体积 重量 限制	20586	3
1346	死飞自行车 海淀	5594	2
1347	iphone6港版售价	22356	4
1348	死飞自行车 清华周边	19204	2
1349	谷歌眼镜使用方法	20319	4
1350	北京5月 周边旅游推荐	6749	3
1351	北京周边游	2335	3
1352	iphone6 香港 国内网络支持	23192	3
1353	港币汇率	14348	1
1354	国际航班 液体托运	7191	3
1355	清华大学 游泳馆	8131	2
1356	天龙潭村旅游报价	24945	2
1357	辽宁号和别国航母相比 优势和劣势	22164	2
1358	清华大学 陈明游泳馆	8159	3
1359	死飞自行车 清华附近 购买渠道	22648	2
1360	辽宁号航母的优势和劣势	24417	2
1361	戒烟的副作用	4388	2
1362	航母的战略作用	4705	3
1363	北京周边旅游地点	19419	4
1364	国际航班 托运行李限制	23400	3
1365	清华大学到十渡	26144	2
1366	戒烟 坏处	5654	2
1367	破冰游戏作用	14253	4
1368	手提行李 液体	8733	3
1369	北京附近度假地	23965	2
1370	美国 不能托运的	25540	3
1371	国际航班手提行李不能带 	14635	3
1372	清华 死飞专卖	11644	2
1373	死飞自行车 清华大学 攻略	10956	2
1374	航母战略作用	24834	3
1375	清华附近 死飞 购买	21065	2
1376	清华大学陈明游泳馆 价格	10403	3
1377	北京旅游住宿花费 昌平	9106	2
1378	国际航班 行李限制	12797	4
1379	辽宁号优劣	24792	2
1380	清华大学游泳馆 学生票价格	18608	2
1381	戒烟的好处	22473	3
1382	陈明游泳馆 时间	16807	2
1383	北京周边游 	26227	2
1384	北京度假旅行景点推荐	13863	1
1385	清华大学游泳馆 价格	18687	1
1386	清华大学游泳馆 学生票	15304	2
1387	香港 超过多少钱需要交关税	25429	2
1388	谷歌眼镜功能 使用方式	24223	2
1389	北京旅行5月	2756	2
1390	iphone6 港版价格	12076	2
1391	5月在北京度假旅行	11204	1
1392	清华 陈明游泳馆 票价	7577	2
1393	北京旅游住宿花费 昌平	9109	1
1394	清华附近自行车店	10005	1
1395	破冰游戏  员工培训	25061	3
1396	国际航班托运行李 	14574	3
1397	清华大学游泳馆学生价	13513	2
1398	清华附近死飞	21207	2
1399	辽宁号战略意义	20003	2
1400	淘宝	11617	2
1401	辽宁号 不足	3395	4
1402	北京周边度假旅行 一周	12436	2
1403	港版iphone6  国内网络支持	23216	4
1404	戒烟 副作用	8318	2
1405	红螺寺 攻略	26176	3
1406	清华西门死飞	21276	3
1407	香港购买iphone 关税	14418	4
1408	国际航班 必须托运行李	23425	3
1409	辽宁号航母 基本信息	5900	2
1410	航空母舰的战略意义	26299	3
1411	死飞自行车购买 清华	19788	2
1412	死飞 清华大学	8012	2
1413	戒烟方法	9756	2
1414	北京周边 旅游	7934	2
1415	旅行路线	10373	2
1416	旅行	10347	2
1417	死飞自行车购买渠道	14070	2
1418	清华大学游泳馆 tsinghua	23127	3
1419	破冰游戏 新员工培训 10人	12732	2
1420	5月北京周边 7天	20736	1
1421	飞机 托运行李限制	23370	2
1422	死飞 清华大学	8011	1
1423	怀柔度假村 3日游 价格	6931	2
1424	辽宁号 与其他航母的优劣比较	23646	4
1425	清华附近买自行车	2521	3
1426	香港 iphone6   关税	18251	2
1427	死飞自行车 购买 注意事项	15454	2
1428	密云水库住宿	24549	4
1429	5月 北京周边旅游 	20812	3
1430	国际航班对行李中液体限制	19819	4
1431	5月北京周边游	25992	2
1432	辽宁号与其他航母相比 优势和劣势	20884	2
1433	龙庆峡住宿	24510	4
1434	港版iphone6  国内网络支持	23214	4
1435	网上买死飞 注意事项	6674	2
1436	清华大学游泳馆 所在地	12401	3
1437	菜户营桥西公交站	8034	3
1438	谷歌眼镜 维基百科	22925	1
1439	国际航班中手提行李中可以有多少液体	8700	2
1440	北京度假旅行 5月	24450	1
1441	 买死飞注意事项	25725	2
1442	在香港买iphone 6	25456	4
1443	美国 托运行李规定	25477	4
1444	北京周边旅游景点	12546	3
1445	那些行李必须手提	24692	1
1446	清华大学 十渡	26103	2
1447	死飞自行车 报价	16362	2
1448	清华大学附近购买死飞自行车	10763	1
1449	国际航班手提行李限制	14509	4
1450	国内iphone6售价	9320	4
1451	去美国 不能托运	25583	3
1452	辽宁号航母 相比别国 优劣	14959	3
1453	北京周边度假旅行	519	2
1454	清华大学游泳馆 游泳卡	18628	3
1455	清华大学游泳馆 游泳卡办理	19973	2
1456	手提行李   液体容量	17606	3
1457	谷歌眼镜 使用方法	4967	4
1458	清华大学游泳馆  开放时间	18028	3
1459	中国运营商支持港版iphone6	2449	3
1460	清华 附近  死飞	10037	1
1461	港版国行iphone6 价格对比	6243	3
1462	北京周边游 攻略	26200	3
1463	国际航班中哪些行李必须托运	23726	3
1464	清华陈明游泳馆 价格	7521	2
1465	北京 死飞	11584	3
1466	死飞自行车  购买注意事项	17943	1
1467	破冰游戏 员工培训 10人左右	14200	3
1468	国内iphone6售价	9319	3
1469	 新人培训 破冰游戏 10人	20514	3
1470	辽宁号与美国航母对比	26322	3
1471	国际航班 行李物品液体要求	7157	4
1472	5月北京周边旅游 价格	23338	1
1473	港版iphone6 内地运营商	10721	3
1474	清华大学 陈明游泳馆 价格	8184	3
1475	iphone6 香港售价	23159	3
1476	清华大学游泳馆 价格	18683	3
1477	死飞自行车使用方法	14133	3
1478	清华大学游泳馆 地点	21145	2
1479	去美国 不能托运	25584	2
1480	死飞自行车 清华大学附近 购买	15372	2
1481	北京周边五月一周度假旅行	10281	2
1482	北京旅行5月香山	2784	1
1483	死飞自行车购买注意事项	2504	2
1484	清华大学附近哪里卖死飞	25604	2
1485	买死飞 注意事项	6626	2
1486	 新人培训 破冰游戏 10人	20517	3
1487	清华大学 哪里卖死飞	25629	1
1488	破冰游戏十人	2364	3
1489	google眼镜 百度百科	22962	3
1490	北京周边7日游 报价	12610	2
1491	北京周边度假旅行	520	3
1492	国际航班手提行李 液体	14537	3
1493	北京周边的度假胜地	9027	4
1494	北京周边 度假旅行 	7850	2
1495	北戴河旅游	19541	4
1496	死飞自行车使用方法	14130	2
1497	清华大学游泳馆 时间	16780	3
1498	国内iphone6价格	13227	3
1499	死飞自行车 清华大学附近 购买	15371	2
1500	北京度假旅行  一周旅行团	18376	2
1501	港版 大陆iphone6	20363	2
1502	辽宁号 优	3368	3
1503	买死飞 注意事项	6629	2
1504	5月北京周边旅游目的地	20759	3
1505	破冰游戏 新员工培训 十人	16149	3
1506	北京周边5月 度假 攻略	6910	1
1507	哪些物品只能托运	8818	2
1508	北京及周边休闲7日游线路	12680	3
1509	死飞自行车 清华大学附近 购买渠道	15318	2
1510	清华陈明游泳馆 开放时间	7498	3
1511	谷歌眼镜 功能能	14827	2
1512	清华大学露天泳池 学生价格	25277	2
1513	留美 行李限制	9624	1
1514	关于合作的10人左右破冰游戏	24070	4
1515	死飞 清华附近	8089	3
1516	破冰游戏 新员工培训	14182	2
1517	北京周边旅游地点 7日游	19468	2
1518	香港 超过多少钱需要交关税	25427	1
1519	死飞自行车 购买注意事项	23881	2
1520	香港 iphone6  价格  	18225	4
1521	辽宁号  战略目标	17459	3
1522	清华大学附近 购买自行车	10838	2
1523	怀柔度假村 3日游 花费	6964	2
1524	国际航班行李限制	13592	2
1525	清华大学游泳馆开放时间	7474	2
1526	航空母舰 战略作用	11682	3
1527	清华大学游泳馆具体位置	24859	3
1528	航母的战略作用	4703	3
1529	iphone6 香港售价 关税	23181	2
1530	辽宁号 战略价值	10638	3
1531	清华 游泳卡	7773	2
1532	哪些物品 手提行李	16212	3
1533	辽宁号 战略作用	8344	3
1534	北京度假旅行 周边游	17232	2
1535	香港 超过多少钱需要交关税	25428	1
1536	清华 附近  死飞实体店	10061	1
1537	清华大学游泳馆开放时间段	25296	2
1538	购买港版iphone6	19880	2
1539	死飞自行车 清华附近 购买地点	22762	2
1540	清华大学附近 购买自行车	10841	2
1541	辽宁号 优劣势	12780	2
1542	清华大学	23927	3
1543	怀柔度假村 3日游 花费	6963	2
1544	 清华大学  购买死飞	17827	1
1545	北京五月份一周度假旅行	2236	1
1546	清华大学游泳馆具体位置	24860	2
1547	北京五月一周度假旅行	2205	1
1548	国际航班中有关行李的规定	23697	3
1549	死飞价格区间	25810	2
1550	清华大学 自行车市场	10888	3
1551	破冰游戏  员工培训 10人	25089	3
1552	死飞 注意事项	3210	4
1553	北京旅游花费	9047	2
1554	手提行李液体 	2688	3
1555	员工破冰游戏	10258	3
1556	清华大学陈明游泳馆	1925	4
1557	死飞公园 价格	25833	2
1558	清华大学陈明游泳馆 价格	10402	3
1559	清华大学陈明游泳馆学生卡	2041	2
1560	国际航班手提行李可携带液体	13653	4
1561	死飞自行车  清华大学  注意事项	17772	1
1562	航母历史	14897	4
1563	北京周边旅游7天	19440	3
1564	清华大学游泳馆信息	21874	2
1565	北京旅游 7天	19518	2
1566	清华大学 自行车市场	10887	3
1567	港版iphone6 国行 价格	16730	3
1568	死飞自行车购买渠道 北京	16290	3
1569	国际航班手提行李可携带液体数	13636	4
1570	航母能发挥的战略作用	24430	3
1571	谷歌眼镜 百科	22903	2
1572	内地iphone6价格	21440	2
1573	北京出发五月一周度假旅行	10317	2
1574	辽宁号  历史	17482	3
1575	辽宁号与其他国家航母的对比	22458	4
1576	辽宁号相对于其他国家的优点	9433	2
1577	航母 战略意义	14924	3
1578	破冰游戏作用	14256	3
1579	港版iphone6支持内地运营商网络吗	21491	4
1580	清华大学 买自行车	12025	3
1581	内地iphone6售价	24633	3
1582	破冰游戏 员工培训 10人左右	14199	2
1583	 清华大学  死飞专卖店	17881	2
1584	辽宁号 排水量	16462	2
1585	iphone6大陆售价	22335	4
1586	北京度假旅行景点	13830	1
1587	手提行李限制 国际航班	2631	2
1588	手提行李限制 国际航班 液体	19265	3
1589	港版iphone6 购买	16198	3
1590	留美 行李中什么必须托运	9730	2
1591	10人 破冰游戏	11556	3
1592	手提行李液体 国际航班	2659	2
1593	港版iphone6 在哪买	6169	3
1594	死飞自行车 北京 购买渠道	22693	2
1595	国际航班 行李物品要求	7134	4
1596	死飞自行车清华大学	10936	2
1597	北京周围 度假旅行 7日	15201	2
1598	清华大学游泳馆学生票	3480	1
1599	死飞自行车 清华大学	5575	2
1600	北京周边旅游景点 7日游	12572	3
1601	国际航班 液体托运	7192	4
1602	港版iphone6支持内地运营商网络吗	21492	4
1603	北京旅游 7天	19519	3
1604	清华大学游泳馆学生票价	23108	2
1605	死飞公园 价格	25831	2
1606	清华大学陈明游泳馆学生卡	2039	2
1607	清华大学附近哪里卖自行车	12052	3
1608	北京5月 周边旅游 攻略	6815	2
1609	购买港版iphone6是否缴纳关税	24668	2
1610	死飞自行车购买	19763	2
1611	携港版iphone6回内地需要交关税吗	24044	3
1612	清华 死飞 推荐	6537	3
1613	死飞公园 清华 价格	17300	2
1614	北京5月 度假 攻略	6846	4
1615	国际航班 手提 托运 体积 重量 限制	20587	4
1616	清华大学游泳馆 地图	15267	2
1617	手提行李限制 液体	8500	4
1618	北京周边度假旅行 7天	12474	2
1619	辽宁号战略作用	13048	4
1620	港版iphone6价格	10681	3
1621	破冰游戏 互相介绍  公司	17145	1
1622	北京周边 旅游	7932	2
1623	谷歌眼镜 使用港式	12385	2
1624	戒烟本身的副作用	12284	2
1625	死飞自行车  清华大学	17725	2
1626	死飞自行车购买	19764	3
1627	港版iphone6 大陆iphone6	8367	2
1628	北京度假旅行  旅行团	18441	3
1629	北京周边五日以上度假旅行	2299	2
1630	辽宁号 与其他航母的优劣比较	23648	3
1631	iphone6港版售价	22357	3
1632	破冰游戏 企业培训	17175	2
1633	北京旅游 7天	19520	1
1634	死飞自行车 清华周边	19203	2
1635	清华大学游泳馆信息	21876	3
1636	国际航班 手提 不能托运	7316	2
1637	北京周边游	2334	2
1638	国际航班 液体托运	7190	3
1639	5月北京周边	20686	3
1640	google眼镜 维基百科	22943	1
1641	天龙潭村旅游报价	24944	2
1642	辽宁号和别国航母相比 优势和劣势	22167	2
1643	iphone6国行 价格	16741	4
1644	死飞自行车 清华附近 注意事项	22740	1
1645	戒烟的副作用	4389	2
1646	死飞公园 买死飞注意事项	25700	2
1647	清华附近 死飞 注意事项	21094	1
1648	辽宁号战略作用	13047	3
1649	港版iphone6 z	10700	3
1650	清华大学露天游泳馆	25247	2
1651	港版iphone6  价格	8378	2
1652	清华大学 自行车	10810	2
1653	破冰游戏 10人	8214	3
1654	香港购买iphone6 关税	1146	2
1655	清华 游泳 票价	7749	2
1656	大陆iphone6	3255	3
1657	破冰游戏作用	14252	3
1658	手提行李 液体	8732	3
1659	港版iphone6  国内运营商网络支持	23232	4
1660	美国 不能托运的	25539	3
1661	清华附近 死飞 购买	21062	2
1662	国际航班 手提液体	23461	3
1663	清华 死飞专卖	11645	2
1664	死飞自行车 清华大学 攻略	10957	1
1665	辽宁号 比较	9546	4
1666	航母战略作用	24835	1
1667	辽宁号基本信息百科	13760	2
1668	辽宁号 优势劣势	19402	2
1669	北京旅游住宿花费 昌平	9107	3
1670	买死飞要注意什么	22138	2
1671	清华大学游泳馆 学生票价格	18609	2
1672	百度旅游	21963	2
1673	戒烟的好处	22472	3
1674	菜户营桥西公交站 地图	8060	4
1675	陈明游泳馆 时间	16806	3
1676	谷歌眼镜 售价	1530	2
1677	清华大学游泳馆 学生	3499	2
1678	北京旅行5月	2759	2
1679	iphone6 港版价格	12075	3
1680	清华 陈明游泳馆 价格	7545	2
1681	港版iphone6 运营商	6186	3
1682	清华大学游泳馆学生价	13512	1
1683	托运行李 电脑	17037	1
1684	北京周边 旅游	7933	1
1685	旅行路线	10371	3
1686	清华附近死飞	21206	2
1687	辽宁号战略意义	20002	2
1688	淘宝	11616	4
1689	google眼镜 维基百科	22946	1
1690	天龙潭村	24912	3
1691	清华西门死飞	21275	2
1692	google眼镜 使用方式	22979	2
1693	港版iphone6 z	10699	3
1694	死飞 清华大学	8013	1
1695	怀柔度假村 3日游 价格	6933	1
1696	港版 iphone6关税 	20394	3
1697	5月香山	2818	2
1698	龙庆峡住宿	24513	4
1699	美国 托运行李规定	25480	4
1700	国际航班 禁止托运	7221	3
1701	避暑山庄旅游 7天	19597	2
1702	死飞  注意事项	22851	4
1703	死飞自行车 报价	16359	4
1704	旅行路线	10372	1
1705	旅行	10346	2
1706	清华大学附近 死飞自行车	9942	1
1707	国际航班手提行李限制	14512	3
1708	破冰游戏 十人	23622	3
1709	5月北京周边游	25990	2
1710	辽宁号 尺寸	16484	2
1711	飞机 托运行李限制	23369	4
1712	国际航班 美国 行李限制	24275	3
1713	iphone6 大陆 港版  价格	3297	3
1714	北京周边7日游 报价	12606	2
1715	怀柔度假村 3日游 价格	6930	3
1716	清华附近买自行车	2522	3
1717	辽宁号的基本信息	21367	1
1718	死飞自行车销售地址	9228	3
1719	美国 手提行李限制	8449	2
1720	香港 iphone6   关税	18250	2
1721	死飞自行车 购买 注意事项	15455	2
1722	清华大学 十渡	26105	2
1723	5月 北京周边旅游 	20813	3
1724	北京周边旅游 多日游	18768	2
1725	辽宁号与其他航母相比 优势和劣势	20883	2
1726	港版iphone6  国内网络支持	23215	4
1727	清华西门 死飞公园	25681	2
1728	谷歌眼镜功能 使用方式	24225	3
1729	港版iphone6支持国内网络运营商	13297	1
1730	手提行李中不能携带的物品	8784	2
1731	菜户营桥西公交站	8033	4
1732	死飞	22116	4
1733	清华大学陈明游泳馆价格	1951	2
1734	谷歌眼镜 维基百科	22924	1
1735	破冰游戏 	25032	2
1736	清华大学 死飞	7956	1
1737	那些行李必须手提	24691	2
1738	清华大学 十渡	26102	2
1739	国际航班中手提行李中可以有多少液体	8698	3
1740	清华大学附近购买死飞自行车	10764	2
1741	清华大学附近 死飞自行车	9944	2
1742	死飞大概的价格	21344	3
1743	清华大学附近的自行车专卖店	9265	4
1744	香港购买iphone6带回要交关税？	13269	2
1745	国内 iphone6  价格  	18206	3
1746	死飞自行车 北京	24090	3
1747	国际航班 行李物品液体要求	7155	3
1748	5月北京周边 7天	20735	1
1749	清华大学游泳馆 游泳卡	18629	2
1750	辽宁号的基本信息	21364	2
1751	北京周边 度假旅行	15093	2
1752	清华大学游泳馆  开放时间	18029	3
1753	中国运营商支持港版iphone6	2448	4
1754	死飞自行车注意事项	22375	3
1755	死飞 海淀	3151	3
1756	港版国行iphone6 价格对比	6242	2
1757	国际航班中哪些行李必须托运	23727	3
1758	清华陈明游泳馆 价格	7520	2
1759	死飞 清华大学 购买	11952	2
1760	辽宁号 优势和劣势	22174	1
1761	国际航班手提行李能带多少液体	21564	2
1762	怀柔旅游	22425	4
1763	怀柔	22393	2
1764	清华 游泳 票价	7750	1
1765	5月北京周边旅游 价格	23339	1
1766	港版iphone6 内地运营商	10720	2
1767	国行iphone6  价格	8408	2
1768	国际航班行李	21510	4
1769	iphone6 香港售价	23160	4
1770	辽宁号的优点	9448	1
1771	北京周边 度假旅行 	7852	1
1772	死飞自行车使用方法	14132	2
1773	清华大学游泳馆 地点	21146	3
1774	谷歌眼镜功能	10976	3
1775	十渡住宿	24477	3
1776	死飞自行车 购买 注意事项	15456	2
1777	死飞自行车 清华大学附近 购买	15373	2
1778	死飞自行车购买注意事项	2505	1
1779	北京周边  7天旅游	12512	1
1780	清华大学 哪里卖死飞	25628	2
1781	哪些物品只能托运	8820	2
1782	破冰游戏 自我介绍	11146	3
1783	国际航班手提行李 液体	14538	3
1784	大兴野生动物园	26279	3
1785	死飞 清华	3119	1
1786	航母能发挥的战略作用	24428	3
1787	北京周边 度假旅行 	7851	2
1788	北戴河旅游	19538	3
1789	国内iphone6价格	13226	3
1790	谷歌眼镜使用方式	9138	2
1791	苹果官网	25394	2
1792	北京周边旅游地点 7日游	19466	2
1793	港版 大陆iphone6	20362	2
1794	托运行李限制 国际航班	19335	4
1795	辽宁号 其他国家航母 比较	9582	3
1796	清华大学游泳馆学生票价	23110	2
1797	北京周边5月 度假 攻略	6911	3
1798	哪些物品只能托运	8819	3
1799	美国 托运行李限制	8473	4
1800	港版iphone6和内地差价	24017	2
1801	谷歌眼镜 功能能	14828	3
1802	清华大学露天泳池 学生价格	25276	2
1803	北京度假旅行景点推荐	13862	3
1804	死飞 清华附近	8086	2
1805	北京周边旅游地点 7日游	19469	1
1806	谷歌眼镜 使用说明	11666	4
1807	死飞自行车 清华	3095	2
1808	死飞自行车 清华附近 购买地点	22764	2
1809	清华大学附近 购买自行车	10839	2
1810	航空母舰 战略作用	11681	4
1811	死飞自行车 清华附近 购买	22625	2
1812	清华大学游泳馆具体位置	24858	3
1813	清华大学	23926	4
1814	清华大学游泳馆 游泳卡办理	19970	4
1815	死飞 注意事项	3211	3
1816	清华 游泳卡	7772	2
1817	清华大学游泳馆 开放时间	5267	3
1818	北京度假旅行 周边游	17233	3
1819	5月香山	2815	1
1820	内地iphone6	24608	3
1821	故宫周边旅店	13893	1
1822	清华 附近  死飞实体店	10060	1
1823	清华大学附近死飞自行车购买	19672	1
1824	清华大学游泳馆开放时间段	25297	2
1825	港版iphone6 大陆运营商	22028	3
1826	辽宁号 战略作用	8345	2
1827	清华大学游泳馆 所在地	12405	2
1828	死飞自行车 清华附近 购买地点	22763	1
1829	辽宁号 优劣势	12781	2
1830	清华大学	23924	3
1831	清华大学 自行车市场	10889	3
1832	美国 托运行李限制	8471	3
1833	美国 不能带上飞机的行李	25509	3
1834	北京五月一周度假旅行	2204	1
1835	留美 行李中什么必须托运	9731	2
1836	清华大学死飞自行车	631	2
1837	国际航班 手提行李 液体	12817	3
1838	新手十人破冰游戏	13713	2
1839	辽宁号相对于其他国家的优点	9434	2
1840	谷歌眼镜使用方法	20316	2
1841	青龙峡 红螺寺	26256	3
1842	北京旅行5月香山	2783	2
1843	清华大学附近 死飞 购买	21003	1
1844	死飞公园 价格	25834	2
1845	故宫周边旅店	13890	4
1846	清华大学陈明游泳馆学生卡	2040	2
1847	港版iphone6 购买	16200	3
1848	死飞公园 清华附近	8107	2
1849	国际航班手提行李可携带液体	13652	3
1850	死飞自行车  清华大学  注意事项	17771	1
1851	航母历史	14896	3
1852	哪些物品必须托运	16239	2
1853	北京5月 周边旅游推荐	6746	2
1854	死飞自行车购买渠道 北京	16291	1
1855	国际航班手提行李可携带液体数	13637	2
1856	港版iphone6能否支持国内的通信	19927	4
1857	有效戒烟	16682	3
1858	清华 死飞 注意事项	6589	3
1859	谷歌眼镜 百科	22902	2
1860	清华大学游泳馆学生票	3478	2
1861	内地iphone6价格	21441	3
1862	北京出发五月一周度假旅行	10318	2
1863	死飞 五道口	7989	2
1864	港版iphone6支持内地运营商网络吗	21490	3
1865	港版iphone6 需不需要关税	19896	2
1866	内地iphone6售价	24634	3
1867	北京旅游住宿花费	9078	3
1868	 清华大学  死飞专卖店	17880	3
1869	清华大学游泳馆学生票价	23107	3
1870	清华附近购买死飞自行车  价格区间	22812	2
1871	清华买死飞	6460	1
1872	北京及周边休闲7日游 价格	12711	2
1873	港版 大陆iphone6 价格	20382	2
1874	手提行李限制 国际航班 液体	19264	3
1875	北京旅行	2724	3
1876	10人 破冰游戏	11557	3
1877	手提行李液体 国际航班	2660	2
1878	清华大学 购买死飞自行车	19695	1
1879	iphone6港版售价	22360	2
1880	死飞自行车 北京 购买渠道	22692	3
1881	国际航班 行李物品要求	7133	4
1882	死飞自行车清华大学	10937	2
1883	北京周围 度假旅行 7日	15200	2
1884	死飞自行车 清华大学	5574	2
1885	北京周边旅游景点 7日游	12575	1
1886	死飞 购买注意	11982	2
1887	托运行李 	17636	3
1888	iphone6	346	3
1889	必须手提的行李	24300	4
1890	死飞自行车购买清华大学附近	19740	2
1891	购买港版iphone6是否缴纳关税	24671	2
1892	死飞自行车购买	19762	3
1893	港版iphone6过关	22006	2
1894	死飞公园 清华 价格	17301	3
1895	北京度假旅行  旅行团	18439	2
1896	北京周边度假旅行 7天	12473	2
1897	辽宁号 与其他国家航母比较	9563	2
1898	破冰游戏 十个人	8980	3
1899	破冰游戏 互相介绍  公司	17142	3
1900	清华 陈明游泳馆 票价	7576	2
1901	5月北京周边旅游	11410	3
1902	香港购买iphone6	1127	3
1903	托运行李 电脑 美国	17078	2
1904	谷歌眼镜 使用港式	12384	2
1905	辽宁号航母的优势和劣势	24420	3
1906	死飞自行车购买清华大学附近	19739	2
1907	北京5月 度假 攻略	6849	1
1908	港版iphone6能否支持国内的移动通信	19912	3
1909	清华附近 死飞 购买	21063	2
1910	港版iphone6 大陆iphone6	8366	3
1911	死飞自行车  价格区间	22825	4
1912	北京度假旅行  旅行团	18440	2
1913	国际航班 托运行李限制	23398	4
1914	iphone6港版售价	22358	2
1915	破冰游戏 企业培训	17174	2
1916	清华大学游泳馆位置	9355	3
1917	港版iphone6需要关税吗	22319	2
1918	北京周边游	2333	2
1919	iphone6 香港 国内网络支持	23194	3
1920	港币汇率	14346	4
1921	戒烟副作用	2606	2
1922	清华大学游泳馆地址	10228	1
1923	清华大学 死飞自行车	10742	1
1924	google眼镜 维基百科	22942	4
1925	清华大学游泳馆 价格	18685	3
1926	辽宁号和别国航母相比 优势和劣势	22166	2
1927	死飞公园 买死飞注意事项	25701	2
1928	辽宁号 维基	12755	3
1929	破冰游戏  员工培训	25065	2
1930	百度旅游	21965	4
1931	清华大学 自行车	10811	3
1932	清华大学游泳馆位置	9356	2
1933	国际航班中乘客可以携带多少液体	23824	2
1934	清华大学附近购买死飞自行车的渠道	9177	2
1935	google眼镜 价格	23003	1
1936	清华大学游泳馆地址	10227	1
1937	手提行李 液体	8735	3
1938	港版iphone6  国内运营商网络支持	23233	4
1939	美国 不能托运的	25538	2
1940	国际航班手提行李不能带 	14633	2
1941	清华大学游泳馆 学生票	15301	3
1942	清华大学 死飞自行车市场	10918	2
1943	北京周边旅游	11471	3
1944	死飞自行车 北京  清华大学 购买渠道	22719	2
1945	死飞公园 清华附近	8114	2
1946	5月北京周边旅游	11420	2
1947	北京度假旅行  一周旅行团	18391	2
1948	买死飞要注意什么	22141	4
1949	谷歌眼镜	1494	1
1950	留美 行李限制	9633	3
1951	托运行李 国际航班 电脑	17118	3
1952	辽宁号 其他国家航母 比较	9578	4
1953	港版iphone6 在哪买	6167	4
1954	百度旅游	21962	3
1955	航母历史	14898	4
1956	故宫周边交通	13926	2
1957	港版iphone6 运营商	6185	4
1958	北京度假旅行	2175	3
1959	辽宁号  战略目标	17457	2
1960	内地iphone6售价	24631	3
1961	港版iphone6缴纳关税	24256	3
1962	怀柔度假村 3日游 花费	6970	3
1963	死飞自行车  清华西门	18009	3
1964	死飞公园 清华 价格	17302	3
1965	破冰游戏 自我介绍	11143	0
1966	北京周边游 	26225	3
1967	破冰游戏 员工培训	5525	4
1968	北京周边旅游推荐	18827	3
1969	死飞自行车  清华大学	17735	2
1970	谷歌眼镜 售价	1529	4
1971	死飞自行车 清华附近	2480	2
1972	5月北京周边旅游	11413	4
1973	北京旅游 7天	19516	4
1974	iphone6	348	4
1975	留美 行李限制	9637	1
1976	谷歌眼镜	1490	2
1977	清华大学游泳馆	1637	0
1978	死飞自行车价格	9964	3
1979	辽宁号优劣	24794	3
1980	留美 国际航班 手提行李限制	9596	3
1981	在香港购买iphone6价格	10111	3
1982	死飞自行车注意事项	22372	3
1983	清华大学游泳馆 开放时间	5270	0
1984	iphone6 大陆 港版	3274	3
1985	清华大学死飞自行车	628	3
1986	清华大学游泳馆学生票价	23109	3
1987	北京度假旅行 周边游	17234	2
1988	辽宁号	443	3
1989	清华 死飞 推荐	6533	3
1990	谷歌眼镜 使用港式	12383	3
1991	清华大学 哪里有卖 死飞	22065	3
1992	到美国的国际航班行李	21535	2
1993	港版iphone6	2438	2
1994	清华大学游泳馆 游泳卡	18634	3
1995	国际航班手提行李体积重量限制	4209	3
1996	在香港如何购买iphone6	3581	3
1997	港版iphone6 价格	16709	4
1998	国际航班手提行李能带多少液体	21565	4
1999	国际航班 行李要求	7087	3
2000	辽宁号 与其他航母的优劣比较	23652	3
2001	北京度假旅行	2168	1
2002	清华大学游泳馆学生价	13519	3
2003	谷歌眼镜的价格	4826	3
2004	国际航班 行李限制	12801	4
2005	清华大学附近哪里卖死飞	25603	3
2006	手提行李限制	107	2
2007	北京周边度假旅行 一周	12438	2
2008	旅行路线	10370	4
2009	谷歌眼镜 价格	11014	2
2010	清华大学 死飞自行车	10739	4
2011	清华大学游泳馆具体位置	24862	4
2012	死飞自行车	74	3
2013	辽宁号战略意义	20005	0
2014	谷歌眼镜 如何使用	25377	4
2015	港版iphone6能使用国内运营商网络吗	3663	4
2016	只允许托运 物品	6143	3
2017	国际航班手提行李能携带多少液体	4263	4
2018	破冰游戏 新员工培训 10人	12729	4
2019	戒烟副作用	2611	3
2020	国际航班中有关行李的规定	23699	4
2021	辽宁号基本信息百科	13758	4
2022	死飞自行车	80	3
2023	北京周边度假旅行 一周	12434	1
2024	清华大学游泳馆 开放时间	5266	2
2025	红螺寺 攻略	26178	3
2026	破冰游戏  员工培训 10人	25091	4
2027	清华大学游泳馆  开放时间	18027	3
2028	google眼镜 使用方式	22978	4
2029	谷歌眼镜	1487	3
2030	购买死飞  注意事项	16034	2
2031	清华大学游泳馆 开放时间	5279	3
2032	港版iphone6 入关	6198	3
2033	手提行李液体 	2690	3
2034	北京周边地方度假旅游	4593	3
2035	北京周边七日游	4682	2
2036	员工破冰游戏	10256	4
2037	死飞自行车购买 清华	19786	2
2038	陈明游泳馆 办卡	15840	2
2039	购买死飞自行车渠道 清华大学	3878	3
2040	大约十人的破冰游戏	21830	4
2041	北京周边旅游 价格	23311	4
2042	十渡攻略	26047	4
2043	菜户营桥西公交站 地图	8061	4
2044	清华大学陈明游泳馆 价格	10400	2
2045	破冰游戏 员工 十人	7431	4
2046	国行iphone6价格	3575	3
2047	港版iphone6	1111	3
2048	戒烟	203	4
2049	辽宁号 战略作用	8349	3
2050	北京周边五日以上度假旅行	2302	2
2051	5月北京附近旅游地	23987	2
2052	北京周边  7天旅游	12513	3
2053	避暑山庄旅游 7天	19596	3
2054	破冰游戏  十人	7454	3
2055	死飞自行车  购买注意事项	17956	2
2056	港版iphone6价格	10679	1
2057	辽宁号基本信息	1199	4
2058	谷歌眼镜 使用说明	11662	3
2059	辽宁号 优势和劣势	22176	2
2060	国际航班手提行李限制	14510	3
2061	辽宁号与美国航母对比	26326	3
2062	5月北京周边旅游 价格	23341	3
2063	北京周边游	2331	3
2064	清华大学游泳馆	1629	3
2065	清华大学游泳馆地址	10230	4
2066	飞机 托运行李限制	23368	4
2067	陈明游泳馆 时间	16805	3
2068	港版iphone6 关税	5883	3
2069	死飞自行车 注意事项	5622	3
2070	清华大学陈明游泳馆学生卡	2058	2
2071	死飞 清华	3120	2
2072	手提行李限制 国际航班	2645	3
2073	行李限制 中美航班	15714	1
2074	液体、气雾剂及凝胶在国际航班上的规定	8764	3
2075	iphone6价格	10088	4
2076	谷歌眼镜 功能	4915	3
2077	破冰游戏 员工培训	5517	3
2078	国内iphone6售价	9321	2
2079	谷歌眼镜价格	2585	4
2080	辽宁号	437	3
2081	北京旅游住宿花费	9075	3
2082	购买死飞自行车的注意事项 	3949	4
2083	谷歌眼镜使用方式	9137	4
2084	iphone6香港关税	15663	2
2085	北京周边旅游	11476	4
2086	辽宁号 优势劣势	19398	2
2087	十人 破冰游戏	15619	3
2088	瓦良格号	15549	3
2089	手提行李限制 液体	8509	3
2090	清华大学游泳馆 地址	15234	3
2091	清华附近自行车店	10011	3
2092	新员工培训时的破冰游戏	9000	1
2093	香港 iphone6  价格  	18222	4
2094	苹果官网	25391	4
2095	那些行李必须手提	24697	3
2096	辽宁号相比较其他国家航母的优势和劣势	4762	3
2097	航母战略作用	24832	4
2098	港版iphone6 在哪买	6168	4
2099	破冰游戏 新员工培训 10人	12736	2
2100	5月 北京周边旅游 	20814	3
2101	北京周边度假旅行	516	3
2102	北京周边旅游 多日游	18769	0
2103	故宫周边交通	13928	0
2104	破冰游戏十人	2363	4
2105	谷歌眼镜	1492	2
2106	戒烟好处	1902	3
2107	托运行李限制	2086	4
2108	辽宁号 优劣	3353	3
2109	港版iphone6能使用国内运营商网络吗	3662	3
2110	港版iphone6和内地差价	24016	2
2111	死飞自行车 清华大学	5573	3
2112	iphone6 香港售价 关税	23177	3
2113	死飞公园 清华	17266	4
2114	死飞 购买注意	11979	2
2115	航母 战略意义	14923	4
2116	清华大学游泳馆 学生票	15307	2
2117	清华大学陈明游泳馆学生价格	2003	1
2118	死飞 清华	3121	2
2119	辽宁号与其他国家航母对比	26341	4
2120	清华大学游泳馆	1640	2
2121	破冰游戏 员工培训 10人左右	14202	3
2122	死飞自行车价格	9961	3
2123	北京旅行5月	2755	3
2124	谷歌眼镜 价格	11018	3
2125	港版iphone6缴纳关税	24249	3
2126	辽宁号  	17507	3
2127	清华大学游泳馆 具体地址	25198	0
2128	北京度假旅行	2181	0
2129	清华买死飞	6456	0
2130	北京及周边休闲7日游 价格	12707	4
2131	清华大学附近哪里卖自行车	12050	3
2132	5月在北京度假旅行	11209	2
2133	北京5月 周边旅游 攻略	6813	3
2134	北京度假旅行  一周旅行团	18385	2
2135	携港版iphone6回内地需要交关税吗	24042	3
2136	在香港买手机带回大陆需要关税吗	11718	3
2137	死飞自行车 清华	3094	4
2138	死飞自行车  购买注意事项	17946	2
2139	北京度假旅行	2173	2
2140	港版iphone6 国行 价格	16726	2
2141	辽宁号的基本信息	21379	4
2142	辽宁号与其他航母比较	11704	3
2143	死飞大概的价格	21345	3
2144	香港购买iphone6带回要交关税？	13268	3
2145	如何购买港版iphone6	9344	4
2146	谷歌眼镜功能 使用方式	24221	4
2147	辽宁号 百科	22575	4
2148	去美国 不能托运	25581	3
2149	北京度假旅行  一周旅行团	18378	1
2150	国际航班手提行李 液体	14535	3
2151	北京周边度假旅行	517	3
2152	国际航班手提行李能携带多少液体	4258	3
2153	手提行李限制 国际航班	2634	3
2154	如何购买港版iphone6	9342	4
2155	谷歌眼镜 使用方式	8572	2
2156	香港 iphone6   关税	18248	2
2157	淘宝	11615	4
2158	手提行李 中国美国	15681	3
2159	清华大学游泳馆所在地	3716	2
2160	新员工培训时的破冰游戏	8999	4
2161	清华大学游泳馆	1635	2
2162	北京周边 旅游	7930	3
2163	国际航班 托运行李	10581	3
2164	清华 附近  死飞	10039	3
2165	辽宁号优劣势	1212	3
2166	谷歌眼镜	1495	4
2167	清华大学游泳馆 学生票价格	18605	3
2168	辽宁号	441	0
2169	港版iphone6 入关关税	6222	3
2170	港版iphone6  国内运营商网络支持	23231	4
2171	北京周边 旅行 五一	5405	3
2172	辽宁号航速	15531	3
2173	购买港版iphone6是否缴纳关税	24667	3
2174	北京度假旅行  一周旅行团	18398	2
2175	清华大学游泳馆 学生票价格	18610	3
2176	在香港购买iphone6需要缴纳关税吗	3632	3
2177	在香港如何购买iphone6	3586	2
2178	港版iphone6	1116	3
2179	北京度假旅行  旅行团	18443	2
2180	留美 手提行李 液体	9688	3
2181	破冰游戏 员工培训	5515	4
2182	北京5月 周边旅游推荐	6751	3
2183	死飞自行车购买注意事项	2511	0
2184	谷歌眼镜 售价	1531	3
2185	辽宁号 基本信息	3318	2
2186	清华大学游泳馆 具体地址	25201	3
2187	北京周边游	2342	0
2188	购买死飞自行车渠道 清华大学	3870	2
2189	国际航班中有关行李的规定	23695	3
2190	北京度假旅行	2176	2
2191	北京周边 度假旅行 一周	15129	3
2192	清华大学游泳馆 学生	3498	3
2193	怀柔旅游	22424	3
2194	辽宁号航母 优势	15007	2
2195	托运行李限制	2074	3
2196	辽宁号 尺寸	16480	3
2197	清华大学游泳馆 价钱	11753	0
2198	死飞自行车	82	3
2199	清华大学游泳馆时间	3453	2
2200	港版iphone6 关税	5884	0
2201	国际航班 手提行李 液体	12818	3
2202	辽宁号 战略作用	8347	0
2203	破冰游戏	1	4
2204	辽宁号和别国航母相比 优势和劣势	22165	2
2205	行李 液体	6047	3
2206	谷歌眼镜	1485	3
2207	清华大学游泳馆 场次	16835	1
2208	死飞自行车 清华附近 购买渠道	22651	0
2209	辽宁号航母 基本信息	5896	2
2210	iphone6香港关税	15666	3
2211	北京周边的度假胜地	9024	2
2212	辽宁号与其他航母比较	11698	2
2213	谷歌眼镜功能	10979	3
2214	辽宁号航母 对比	6003	3
2215	清华大学游泳馆	1656	1
2216	故宫周边旅店	13891	4
2217	辽宁号航母 历史	5921	4
2218	手提行李限制 国际航班	2638	3
2219	港版iphone6 大陆运营商	22026	4
2220	国际航班中乘客可以携带多少液体	23821	3
2221	十人 破冰游戏	15620	4
2222	清华大学游泳馆 地址	15239	3
2223	死飞自行车	76	3
2224	辽宁号 优劣势	12779	3
2225	死飞 清华大学 购买	11950	3
2226	破冰游戏 企业培训	17178	3
2227	留美 什么必须托运	9702	3
2228	5月 北京周边旅游 	20809	3
2229	清华大学游泳馆 具体地址	25195	3
2230	死飞自行车  清华西门	18010	0
2231	北京周边旅游 多日游	18772	3
2232	破冰游戏 10人	8212	4
2233	香港购买iphone6带回要交关税？	13272	3
2234	戒烟副作用	2602	3
2235	辽宁号 优劣	3356	3
2236	清华大学游泳馆地址	10224	3
2237	航母的战略意义	22193	4
2238	清华大学 自行车	10813	1
2239	死飞自行车 注意事项	5620	0
2240	死飞 清华	3118	3
2241	清华大学游泳馆开放时间段	25298	4
2242	国际航班托运行李 	14581	4
2243	北京周边游 攻略	26203	3
2244	国际航班手提行李不能带 	14634	3
2245	购买死飞  注意事项	16041	2
2246	国际航班托运行李体积重量限制	4231	4
2247	死飞 海淀	3152	3
2248	北京周边旅游 一周	18743	3
2249	托运行李限制 国际	17005	3
2250	北京旅行5月	2764	3
2251	清华西门卖死飞	21256	2
2252	国际航班中哪些行李必须手提	23760	2
2253	谷歌眼镜 价格	11015	3
2254	北京周边旅游地点 7日游	19474	3
2255	北京周边 度假旅行 7日	15171	2
2256	死飞公园 清华	17267	3
2257	清华大学游泳馆 场次	16834	2
2258	 买死飞注意事项	25722	4
2259	清华 游泳卡	7795	2
2260	谷歌眼镜售价	9156	3
2261	辽宁号	438	1
2262	辽宁号航母基本信息	24398	3
2263	死飞自行车 购买注意事项	23890	2
2264	清华大学游泳馆 学生票价格	18612	2
2265	国际航班 行李限制	12796	4
2266	清华大学游泳馆 学生票价格	18611	2
2267	死飞 清华大学 购买	11951	3
2268	死飞自行车  购买注意事项	17949	3
2269	吸烟 危害	17674	4
2270	清华大学 购买死飞自行车	19694	2
2271	谷歌眼镜 维基百科	22922	4
2272	十渡攻略	26048	3
2273	破冰游戏 大约十人参与 新员工培训	3552	3
2274	港版iphone6 内地运营商	10723	3
2275	在香港购买iphone6价格	10115	3
2276	购买死飞自行车	9303	4
2277	戒烟 坏处	5662	3
2278	辽宁号历史	13136	0
2279	死飞自行车 北京	24094	3
2280	谷歌眼镜的功能	4767	2
2281	航母的战略意义	22198	2
2282	谷歌眼镜功能	10981	1
2283	谷歌眼镜 售价	1532	3
2284	清华附近买自行车	2520	0
2285	北京旅游花费	9049	3
2286	辽宁号与其他国家航母对比	26343	3
2287	清华大学游泳馆	1638	4
2288	港版iphone6 国行 价格	16734	3
2289	google眼镜 使用方式	22984	3
2290	清华 附近  死飞	10042	0
2291	辽宁号航母 对比	6002	3
2292	清华大学游泳馆 开放时间	5269	2
2293	辽宁号  	17509	2
2294	清华大学游泳馆校内具体地点	3748	2
2295	死飞 清华附近	8087	3
2296	清华大学游泳馆开放时间	7471	4
2297	辽宁号航母 基本信息	5905	4
2298	破冰游戏 员工培训	5521	4
2299	5月北京周边旅游	11438	2
2300	清华大学游泳馆 游泳卡价格	19950	2
2301	辽宁号战略作用	13049	3
2302	托运行李 国际航班 电脑	17114	4
2303	清华大学游泳馆开放时间段	25303	4
2304	死飞自行车  购买注意事项	17940	2
2305	北京一周旅行攻略	15735	2
2306	到美国的国际航班行李	21538	3
2307	北京度假旅行	2171	0
2308	北京5月 周边旅游 报价	6777	3
2309	在香港购买iphone6价格	10116	3
2310	辽宁号 基本信息	3319	1
2311	戒烟好处	1895	4
2312	清华大学游泳馆开放时间	7472	3
2313	死飞 清华大学哪里有卖	11998	3
2314	死飞自行车 清华附近 购买	22624	2
2315	谷歌眼镜的价格	4832	1
2316	破冰游戏 员工 十人	7427	4
2317	清华大学 陈明游泳馆	8161	3
2318	国际航班 手提 不能托运	7325	3
2319	国际航班手提行李能携带多少液体	4256	3
2320	死飞自行车 北京	24093	2
2321	如何购买港版iphone6	9340	4
2322	5月北京周边旅游	11409	3
2323	北京周边度假旅行 一周	12437	2
2324	港版iphone6和内地差价	24015	3
2325	戒烟 副作用	8317	4
2326	托运行李限制	2078	3
2327	清华大学游泳馆所在地	3714	3
2328	辽宁号与其他国家航母对比	26350	2
2329	清华大学游泳馆	1633	2
2330	iphone6 国行价格	12091	3
2331	清华 附近  死飞	10033	3
2332	哪些物品 手提行李	16214	3
2333	员工 破冰游戏	15599	1
2334	死飞自行车  价格区间	22832	3
2335	托运行李限制	2076	3
2336	谷歌眼镜功能	10980	0
2337	国内iphone6价格	13233	4
2338	破冰游戏 员工 十人	7433	3
2339	在香港购买iphone6需要缴纳关税吗	3630	3
2340	谷歌眼镜	1498	0
2341	清华 死飞 推荐	6544	2
2342	死飞自行车  价格区间	22826	3
2343	清华大学游泳馆 地图	15266	3
2344	十人 破冰游戏	15625	3
2345	在香港买iphone6	21985	3
2346	清华 死飞自行车	16272	2
2347	辽宁号 优劣势	12782	3
2348	内地iphone6价格	21439	3
2349	北京周边游	2340	4
2350	美国 不能带上飞机的行李	25508	3
2351	死飞 购买注意事项	3234	3
2352	北京5月 周边旅游推荐	6747	4
2353	清华大学游泳馆 位置	22291	2
2354	死飞自行车	78	1
2355	谷歌眼镜 使用方式	8577	3
2356	破冰游戏十人	2369	4
2357	死飞自行车的价格区间 清华大学 	3969	4
2358	北京五月一周度假旅行	2203	2
2359	iphone6 香港 国内网络支持	23195	4
2360	谷歌眼镜的价格	4824	1
2361	清华大学游泳馆	1630	3
2362	国行iphone6  价格	8407	4
2363	清华大学 陈明游泳馆 价格	8188	2
2364	北京出发五月一周度假旅行	10320	3
2365	破冰游戏	3	4
2366	辽宁号  历史	17486	2
2367	中国运营商支持港版iphone6	2446	3
2368	死飞自行车 北京  清华大学 购买渠道	22720	3
2369	谷歌眼镜	1483	3
2370	破冰游戏 新员工培训	14188	4
2371	清华大学游泳馆 开放时间	5275	2
2372	北京度假旅行  怀柔度假村	18489	2
2373	美国 手提行李限制	8446	3
2374	死飞自行车使用方法	14129	3
2375	航母的战略作用	4704	4
2376	清华大学陈明游泳馆	1923	3
2377	北京度假旅行  一周旅行团	18401	0
2378	破冰游戏 	25031	4
2379	天龙潭村	24908	4
2380	手提行李 液体	8740	3
2381	北京周边旅游推荐	6722	0
2382	瓦良格号	15550	4
2383	在香港如何购买iphone6	3593	2
2384	哪些物品必须托运	16238	3
2385	戒烟副作用	2604	4
2386	手提行李限制	100	4
2387	死飞公园 清华 价格	17304	0
2388	北京度假旅行  旅行团	18452	3
2389	北京一周旅行攻略	15739	3
2390	清华大学游泳馆位置	9357	2
2391	 新人培训 破冰游戏 10人	20521	3
2392	北京度假旅行	2167	3
2393	谷歌眼镜功能	10977	2
2394	破冰游戏 新员工培训 十人	16146	0
2395	北京周边5日游	23284	2
2396	破冰游戏十人	2360	4
2397	iphone6国内售价	19851	4
2398	哪些物品只能托运	8823	4
2399	清华大学附近购买死飞自行车的渠道	9176	2
2400	戒烟	209	2
2401	北京度假旅行  旅行团	18444	3
2402	死飞 购买注意	11985	4
2403	辽宁号基本信息	1209	2
2404	清华大学游泳馆地址	10226	4
2405	必须手提的行李	24298	3
2406	手提行李限制 国际	16977	3
2407	港版iphone6 关税	5879	3
2408	大兴野生动物园	26276	4
2409	死飞自行车 注意事项	5618	2
2410	戒烟 好处	8286	3
2411	北京出发五月一周度假旅行	10319	0
2412	清华大学游泳馆 场次	16831	2
2413	托运行李限制 国际	17009	3
2414	港版iphone6支持内地运营商网络吗	21489	2
2415	谷歌眼镜 功能	4919	2
2416	国际航班 行李要求	7085	4
2417	死飞	22118	1
2418	清华大学游泳馆	1645	0
2419	清华大学游泳馆开放时间段	25302	4
2420	北京周边游 攻略	26201	3
2421	托运行李限制 国际	17007	4
2422	戒烟措施	15489	2
2423	谷歌眼镜	1502	3
2424	谷歌眼镜 价格	11013	4
2425	死飞公园 清华	17269	3
2426	清华大学 游泳馆	8132	1
2427	北京及周边休闲7日游 价格	12710	2
2428	戒烟的副作用	4385	4
2429	破冰游戏 新员工培训 10人	12731	3
2430	戒烟	196	3
2431	死飞公园 清华附近	8115	1
2432	在香港买iphone6	21983	4
2433	航空母舰的战略意义	26297	4
2434	清华大学死飞自行车	629	3
2435	5月北京附近旅游地	23992	3
2436	十渡住宿	24476	2
2437	死飞自行车的价格区间 清华大学 	3976	3
2438	辽宁号基本信（排水量，舰长）	13043	3
2439	死飞 价格	3179	3
2440	手提行李液体 国际航班	2661	3
2441	辽宁号与其他国家航母对比	26344	3
2442	破冰游戏 大约十人参与 新员工培训	3550	3
2443	港版国行iphone6 价格对比	6239	2
2444	在香港购买iphone6价格	10113	3
2445	清华西门 死飞公园	25678	4
2446	戒烟好处	1898	3
2447	北京周边7日游 花费	12654	3
2448	国内 iphone6  价格  	18204	4
2449	死飞自行车 北京	24092	2
2450	手提行李限制 国际	16984	3
2451	港版iphone6能使用国内运营商网络吗	3655	3
2452	北京周边度假旅行	518	1
2453	戒烟 坏处	5658	4
2454	手提行李中不能携带的物品	8789	2
2455	国际航班 液体托运	7194	3
2456	死飞 购买注意	11983	4
2457	网上买死飞 注意事项	6676	2
2458	iphone6价格	10085	3
2459	破冰游戏	8	3
2460	北京旅游 7天	19517	3
2461	iphone6	347	4
2462	谷歌眼镜功能 使用方式	24222	4
2463	清华大学游泳馆	1636	3
2464	航母的战略作用	4718	4
2465	死飞自行车价格	9965	2
2466	谷歌眼镜价格	2586	4
2467	死飞自行车 购买 注意	15480	2
2468	死飞自行车 价格区间	23899	3
2469	辽宁号	442	3
2470	航母的战略作用	4724	3
2471	香港 超过多少钱需要交关税	25431	2
2472	国际航班中哪些行李必须托运	23725	2
2473	航空母舰 战略作用	11680	4
2474	死飞自行车 	23853	3
2475	死飞自行车购买	19761	4
2476	清华大学 死飞	7953	3
2477	北京度假旅行 周边游	17231	2
2478	清华大学附近死飞自行车购买	19668	3
2479	港版iphone6	1119	3
2480	港版iphone6 价格	16710	3
2481	10人 破冰游戏	11562	4
2482	死飞 价格	3180	3
2483	北京度假旅行	2169	2
2484	死飞公园  注意事项	16006	3
2485	怀柔度假村 3日游 花费	6960	2
2486	手提行李限制	104	3
2487	辽宁号 与其他国家航母比较	9562	4
2488	港版iphone6价格	10687	4
2489	北京周边旅游推荐	6726	3
2490	国际航班托运行李体积重量限制	4229	3
2491	辽宁号与美国航母对比	26321	4
2492	戒烟 坏处	5660	3
2493	北京周边旅游	11475	3
2494	港版iphone6 如何购买	5863	4
2495	辽宁号航母的优势和劣势	24425	2
2496	托运行李限制	2079	2
2497	破冰游戏 大约十人参与 新员工培训	3547	4
2498	北京周边度假旅行 一周	12435	3
2499	留美 行李限制	9629	3
2500	红螺寺 攻略	26177	2
2501	国际航班 手提行李 液体	12821	3
2502	戒烟的益处	13530	4
2503	破冰游戏	4	3
2504	清华大学游泳馆  开放时间	18026	4
2505	谷歌眼镜 使用方式	8562	2
2506	清华大学西门 哪里卖死飞	25656	2
2507	关于合作的10人左右破冰游戏	24067	3
2508	谷歌眼镜	1488	3
2509	谷歌眼镜 功能	4923	4
2510	菜户营桥西公交站	8031	4
2511	北京周边地方度假旅游	4594	0
2512	谷歌眼镜功能	10982	4
2513	清华大学陈明游泳馆	1926	3
2514	大约十人的破冰游戏	21829	4
2515	死飞自行车  清华大学	17727	2
2516	十渡攻略	26046	4
2517	辽宁号战略意义	19999	4
2518	清华大学 游泳馆	8136	1
2519	港版iphone6 大陆iphone6	8365	4
2520	港版iphone6	1112	2
2521	死飞自行车 报价	16377	4
2522	戒烟	200	2
2523	破冰游戏 员工培训	5519	3
2524	北京 京西草原	5425	3
2525	iphone6港版售价	22359	3
2526	故宫周边交通	13925	2
2527	死飞公园  注意事项	16015	0
2528	港版iphone6 关税	5877	2
2529	北京周边游	2338	4
2530	美国 不能带上飞机的行李	25510	4
2531	死飞 购买注意事项	3236	2
2532	死飞 五道口	7988	2
2533	港版iphone6 国行 价格	16729	2
2534	港版iphone6支持国内网络运营商	13293	4
2535	清华 游泳卡	7778	0
2536	国际航班哪些物品不能托运	4340	4
2537	辽宁号的优势与劣势	20029	2
2538	北京周边游	2332	3
2539	iphone6大陆售价	22333	3
2540	北京5月 周边旅游 攻略	6820	2
2541	辽宁号 战略意义	7407	3
2542	国际航班手提行李不能带 	14645	2
2543	购买死飞自行车 清华大学	3847	3
2544	戒烟 坏处	5656	3
2545	清华大学附近 死飞 购买	21008	2
2546	辽宁号航母 实力	6021	2
2547	北京周边 旅行 五一	5407	0
2548	青龙峡 红螺寺	26257	3
2549	辽宁号 战略价值	10643	0
2550	谷歌眼镜使用方法	20315	4
2551	谷歌眼镜 功能	4914	2
2552	员工破冰游戏	10262	4
2553	死飞自行车价格	9969	0
2554	辽宁号	436	2
2555	辽宁号 与其他航母的优劣比较	23647	2
2556	在香港购买iphone6需要缴纳关税吗	3621	3
2557	清华大学游泳馆 游泳卡价格	19948	0
2558	港版iphone6 国行 价格	16728	2
2559	港版iphone6 购买	16197	4
2560	港版iphone6缴纳关税	24248	3
2561	清华大学游泳馆 地址	15235	3
2562	北京周围 度假旅行 7日	15204	3
2563	5月北京附近旅游地	23989	0
2564	清华大学到十渡	26141	4
2565	清华大学 自行车市场	10886	3
2566	死飞  注意事项	22858	2
2567	手提行李限制	102	3
2568	密云水库住宿	24550	2
2569	北京一周旅行攻略	15737	3
2570	破冰游戏 大约十人参与	3525	4
2571	国际航班对行李中液体限制	19816	3
2572	5月北京周边旅游目的地	20760	3
2573	死飞 注意事项	21119	3
2574	死飞自行车  清华西门	18007	2
2575	北京及周边休闲7日游线路	12681	4
2576	google眼镜 价格	23002	3
2577	清华大学游泳馆开放时间段	25295	2
2578	清华大学	23937	4
2579	清华大学游泳馆 所在地	12402	3
2580	死飞公园 清华大学	15977	4
2581	辽宁号的优劣	9413	2
2582	航母的战略意义	22197	2
2583	手提行李 液体	8734	3
2584	谷歌眼镜 售价	1535	3
2585	清华西湖游泳馆	15859	1
2586	新手十人破冰游戏	13711	4
2587	美国 不能托运的	25537	2
2588	陈明游泳馆 办卡	15839	0
2589	清华附近 死飞 购买	21064	3
2590	托运行李 	17632	4
2591	留美 行李限制	9631	3
2592	清华大学游泳馆	1643	1
2593	辽宁号 比较	9544	3
2594	清华大学游泳馆 时间	16778	4
2595	国际航班 手提行李限制	11810	3
2596	谷歌眼镜	1500	3
2597	死飞 清华附近	8088	0
2598	在香港如何购买iphone6	3591	4
2599	北京周边旅游	11470	3
2600	辽宁号 优势劣势	19400	3
2601	戒烟	198	4
2602	辽宁号 战略意义	7404	4
2603	美国 托运行李规定	25478	3
2604	买死飞要注意什么	22140	2
2605	携港版iphone6回内地需要交关税吗	24043	2
2606	在香港购买iphone6需要缴纳关税吗	3640	3
2607	留美 什么必须托运	9709	2
2608	港版iphone6 价格	16707	4
2609	死飞自行车  购买注意事项	17945	2
2610	死飞 价格	3177	4
2611	北京度假旅行	2174	2
2612	辽宁号  战略目标	17458	3
2613	吸烟 危害	17668	3
2614	国内iphone6售价	9316	4
2615	国际航班托运行李 	14576	3
2616	陈明游泳馆 时间	16804	2
2617	北京周围 度假旅行 7日	15205	2
2618	死飞自行车 注意事项	5627	3
2619	死飞自行车  清华西门	18016	2
2620	谷歌眼镜 售价	1528	1
2621	死飞自行车  价格区间	22828	3
2622	国际航班 手提行李限制	11812	4
2623	死飞 购买注意	11981	0
2624	清华大学游泳馆 西湖游泳馆	16862	3
2625	谷歌眼镜 使用方法	4966	4
2626	北京出发五月一周度假旅行	10323	2
2627	清华大学游泳馆	1634	2
2628	辽宁号  基本信息	17435	2
2629	死飞自行车价格	9967	1
2630	天龙潭村旅游报价	24942	3
2631	国际航班哪些物品不能手提	4363	4
2632	谷歌眼镜价格	2584	2
2633	清华大学游泳馆 开放时间	5265	3
2634	iphone6 大陆 港版	3275	4
2635	iphone6 港版价格	12073	4
2636	员工 破冰游戏	15594	4
2637	航空母舰的战略意义	26303	3
2638	辽宁号	440	4
2639	北戴河旅游 7天	19577	3
2640	死飞自行车  清华大学	17724	3
2641	破冰游戏 员工培训	5513	1
2642	清华附近自行车店	10006	1
2643	北京周边旅游地点 7日游	19471	3
2644	香港购买iphone6	1123	4
2645	港版iphone6	1117	3
2646	留美 手提行李 液体	9689	2
2647	破冰游戏 员工培训	5512	4
2648	吸烟 危害	17670	3
2649	死飞自行车购买注意事项	2510	2
2650	清华大学游泳馆所在地	3717	2
2651	哪些物品必须托运	16244	2
2652	 清华大学  购买死飞	17828	2
2653	买死飞 注意事项	6632	2
2654	辽宁号优势	2466	2
2655	国际航班中有关行李的规定	23694	4
2656	 新人培训 破冰游戏 10人	20515	4
2657	清华大学游泳馆具体位置	24861	0
2658	死飞自行车	75	3
2659	谷歌眼镜 如何使用	25378	4
2660	谷歌眼镜 使用	11032	2
2661	破冰游戏 10人	8220	4
2662	谷歌眼镜的功能	4772	4
2663	破冰游戏 新员工培训 10人	12728	4
2664	辽宁号 尺寸	16481	2
2665	清华大学游泳馆 价钱	11754	4
2666	国际航班中有关行李的规定	23696	4
2667	死飞自行车	81	0
2668	清华大学游泳馆时间	3452	3
2669	港版iphone6 关税	5885	2
2670	那些行李必须手提	24688	2
2671	香港购买iphone6	1124	3
2672	谷歌眼镜 使用方式	8564	4
2673	国际航班哪些物品不能手提	4364	2
2674	谷歌眼镜	1486	2
2675	北京周边旅游景点	12542	3
2676	北京度假旅行  怀柔度假村	18490	4
2677	iphone6 香港售价 关税	23185	2
2678	破冰游戏 员工培训	5514	1
2679	北京周边地方度假旅游	4592	3
2680	辽宁号 战略价值	10639	4
2681	辽宁号	435	2
2682	在香港买iphone6	21984	4
2683	5月北京周边旅游	11425	2
2684	大约十人的破冰游戏	21831	4
2685	手提行李限制 国际航班	2651	3
2686	港版 iphone6关税 	20392	3
2687	港版iphone6能否支持国内的通信	19928	3
2688	在香港购买iphone6需要缴纳关税吗	3626	2
2689	清华大学 死飞自行车市场	10919	4
2690	戒烟方法	9753	3
2691	港版iphone6	1110	0
2692	辽宁号优势	2465	3
2693	戒烟	202	3
2694	十人 破冰游戏	15621	4
2695	清华大学西门 哪里卖死飞	25657	3
2696	美国 托运行李规定	25482	4
2697	在香港如何购买iphone6	3588	3
2698	手提行李中不能携带的物品	8785	3
2699	手提行李限制	99	3
2700	北京周边游	2336	3
2701	死飞自行车的价格区间 清华大学 	3970	2
2702	买死飞 注意事项	6627	4
2703	国际航班中手提行李中可以有多少液体	8705	2
2704	死飞自行车清华附近	24977	3
2705	清华大学附近 死飞自行车	9940	3
2706	清华附近卖死飞	21228	0
2707	破冰游戏十人	2365	4
2708	破冰游戏 10人	8211	3
2709	辽宁号优劣	24798	3
2710	戒烟副作用	2603	2
2711	香港购买iphone6 关税多少	14476	3
2712	辽宁号 战略意义	7405	3
2713	清华大学游泳馆 tsinghua	23130	4
2714	港版iphone6 关税	5882	2
2715	吸烟 危害	17667	3
2716	香港购买iphone6	1125	4
2717	破冰游戏 企业培训	17172	3
2718	北京出发五月一周度假旅行	10316	2
2719	港版iphone6	2426	3
2720	死飞 五道口	7987	3
2721	买死飞注意事项	21323	2
2722	港版国行iphone6 价格	6267	3
2723	国际航班 手提液体	23462	2
2724	清华 死飞专卖	11642	3
2725	国际航班托运行李体积重量限制	4232	3
2726	港版iphone6能否支持国内的通信	19934	3
2727	谷歌眼镜 使用方法	4970	3
2728	死飞 清华	3122	3
2729	国际航班 手提行李 液体 规定	12851	4
2730	辽宁号与其他航母比较	11701	4
2731	辽宁号 比较	9543	3
2732	破冰游戏 员工培训	5522	4
2733	戒烟措施	15490	4
2734	清华西门卖死飞	21259	2
2735	港iphone6  国内运营商	18269	4
2736	陈明游泳馆	15811	3
2737	 买死飞注意事项	25721	2
2738	清华大学游泳馆 具体地址	25205	4
2739	iphone6关税	15647	2
2740	购买港版iphone6	19877	4
2741	死飞 清华	3117	3
2742	清华附近自行车店	10010	3
2743	买死飞要注意什么	22137	3
2744	香港 iphone6  价格  	18223	3
2745	清华大学游泳馆信息	21875	2
2746	辽宁号优劣	24790	2
2747	死飞  注意事项	22860	3
2748	辽宁号 优	3369	3
2749	港版iphone6 在哪买	6171	2
2750	谷歌眼镜的使用方式	4789	4
2751	故宫周边交通	13930	1
2752	手提行李液体 国际航班	2658	2
2753	行李限制 中美航班	15710	4
2754	死飞自行车 北京 购买渠道	22690	3
2755	国际航班 手提 托运 体积 重量 限制	20585	4
2756	辽宁号与其他航母相比 优势和劣势	20881	2
2757	港版iphone6价格	10689	3
2758	戒烟 方法	14867	3
2759	国际航班行李限制统一规定	13609	3
2760	港版iphone6 关税	5875	3
2761	 清华大学  死飞专卖店	17882	1
2762	北京周边 度假旅行 一周	15136	3
2763	辽宁号 战略意义	7402	3
2764	辽宁号  历史	17484	3
2765	北京周边 旅行 五一	5398	0
2766	内地iphone6售价	24635	4
2767	香港购买iphone 关税	14422	3
2768	清华大学游泳馆 所在地	12404	2
2769	谷歌眼镜 使用方法	4963	4
2770	北京5月 度假 攻略	6864	3
2771	辽宁号与其他国家航母对比	26342	4
2772	清华大学游泳馆	1641	1
2773	美国 手提行李限制	8445	4
2774	辽宁号基本信（排水量，舰长）	13035	2
2775	google眼镜 使用方式	22985	2
2776	清华 附近  死飞	10041	3
2777	谷歌眼镜 价格	11017	3
2778	辽宁号  	17508	2
2779	清华大学游泳馆 具体地址	25197	2
2780	5月北京周边旅游	11429	2
2781	戒烟的益处	13532	3
2782	破冰游戏 新员工培训	14183	4
2783	清华大学游泳馆 地点	21142	3
2784	清华大学游泳馆地址	10229	1
2785	香港 超过多少钱需要交关税	25426	4
2786	港版 大陆iphone6 价格	20383	3
2787	购买港版iphone6是否缴纳关税	24669	3
2788	死飞自行车 海淀	5591	2
2789	北京旅行	2721	3
2790	辽宁号优劣	24799	2
2791	破冰游戏 自我介绍	11147	1
2792	北京度假旅行  一周旅行团	18373	2
2793	留美 手提行李 液体	9682	3
2794	北京一周旅行攻略	15734	4
2795	辽宁号的基本信息	21378	4
2796	国际航班行李限制	13591	4
2797	清华大学游泳馆开放时间	7475	0
2798	破冰游戏  十人	7456	4
2799	破冰游戏 互相介绍  公司	17144	1
2800	新员工培训大约十人的破冰游戏	21853	1
2801	北京周边地方七日游	4651	2
2802	死飞自行车 清华附近	2485	0
2803	破冰游戏 大约十人参与	3526	4
2804	清华大学游泳馆时间	3451	4
2805	手提行李 中国美国	15680	3
2806	死飞自行车 清华附近	2479	3
2807	清华大学游泳馆	1632	2
2808	辽宁号与其他国家航母的对比	22455	4
2809	辽宁号航母 优劣	14944	2
2810	辽宁号优劣势	1215	0
2811	iphone6 大陆 港版	3273	3
2812	航母 战略作用	5961	4
2813	员工 破冰游戏	15596	0
2814	戒烟 副作用	8339	3
2815	辽宁号与其他航母比较	11699	2
2816	戒烟本身的副作用	12285	4
2817	港版iphone6	2431	3
2818	国际航班手提行李可携带液体数	13633	3
2819	北京度假旅行  一周旅行团	18393	3
2820	清华大学游泳馆 西湖游泳馆	16864	2
2821	死飞自行车 购买 注意事项	15462	2
2822	清华大学游泳馆 游泳卡价格	19942	0
2823	死飞 清华大学 购买	11954	2
2824	香港购买iphone 关税	14421	3
2825	港版iphone6	1115	2
2826	香港购买iphone6 关税	1147	3
2827	清华大学游泳馆 校内具体位置	3811	2
2828	购买港版iphone6	19881	4
2829	北京周边五日以上度假旅行	2298	2
2830	港版iphone6	1120	3
2831	港版iphone6需要关税吗	22315	3
2832	托运行李限制 国际航班	19339	3
2833	辽宁号 基本信息	3317	3
2834	死飞公园  注意事项	16010	2
2835	死飞  注意事项	22848	3
2836	 清华大学  购买死飞	17826	3
2837	死飞 注意事项	3209	3
2838	辽宁号 与其他国家航母比较	9566	3
2839	清华大学游泳馆 西湖游泳馆	16868	2
2840	谷歌眼镜 价格 2014	4939	4
2841	辽宁号基本信息	1195	4
2842	美国 托运行李限制	8472	3
2843	辽宁号与美国航母对比	26325	2
2844	破冰游戏 员工 十人	7426	4
2845	清华 游泳卡	7774	3
2846	国际航班 手提 不能托运	7315	4
2847	谷歌眼镜的功能	4768	4
2848	托运行李限制	2075	4
2849	清华 游泳卡	7796	2
2850	戒烟副作用	2608	2
2851	破冰游戏 十人	23619	4
2852	死飞自行车	83	4
2853	国行iphone6  价格	8406	3
2854	港版iphone6 关税	5887	2
2855	北京 死飞	11585	2
2856	死飞自行车 清华大学	5576	2
2857	购买死飞自行车 清华大学	3848	4
2858	辽宁号历史	13143	2
2859	北京度假旅行  一周旅行团	18382	2
2860	谷歌眼镜 使用方式	8566	3
2861	买死飞注意事项	21324	4
2862	谷歌眼镜	1484	2
2863	港版iphone6 入关关税	6227	2
2864	iphone6国行 价格	16742	3
2865	辽宁号航母 基本信息	5897	4
2866	美国 手提行李限制	8447	3
2867	员工破冰游戏	10259	4
2868	死飞 清华大学	8009	4
2869	托运行李限制	2077	3
2870	死飞自行车  购买 注意	5641	3
2871	大约十人的破冰游戏	21833	4
2872	北京度假旅行  一周旅行团	18406	3
2873	陈明游泳馆	15814	4
2874	国际航班 行李物品要求	7136	3
2875	谷歌眼镜	1497	2
2876	破冰游戏 新员工培训	14187	2
2877	北京周边旅游推荐	6723	3
2878	北京周边旅游	11472	3
2879	谷歌眼镜售价	9154	1
2880	戒烟	204	4
2881	戒烟 好处	8285	4
2882	北京周边五日以上度假旅行	2301	3
2883	清华大学游泳馆 地址	15238	3
2884	北京周边旅游7天	19443	2
2885	死飞  注意事项	22855	3
2886	手提行李限制	101	3
2887	港版iphone6  价格	8377	1
2888	国际航班哪些物品必须手提	4290	3
2889	谷歌眼镜 价格 2014	4936	3
2890	破冰游戏 自我介绍	11149	4
2891	死飞自行车清华附近	24979	2
2892	北京周边旅游 多日游	18773	2
2893	破冰游戏 10人	8213	4
2894	清华大学游泳馆 具体地址	25196	2
2895	北京周边度假旅行 一周	12433	3
2896	航母能发挥的战略作用	24429	3
2897	清华大学游泳馆地址	10225	2
2898	北京 京西草原	5427	2
2899	破冰游戏  十人	7449	4
2900	吸烟 危害	17678	3
2901	港版iphone6 关税	5876	3
2902	清华大学游泳馆时间	3458	1
2903	北京周边度假旅行 7天	12472	2
2904	死飞 购买注意	11987	2
2905	清华大学游泳馆 场次	16830	2
2906	辽宁号  历史	17483	0
2907	北京周边 旅行 五一	5403	3
2908	破冰游戏 大约十人参与	3524	4
2909	辽宁号航母 历史	5920	4
2910	北京周边 旅行 五一	5399	3
2911	清华大学陈明游泳馆学生价格	2007	2
2912	谷歌眼镜 功能	4918	3
2913	清华买死飞	6466	2
2914	清华大学游泳馆	1644	1
2915	港版iphone6 国行 价格	16735	2
2916	辽宁号基本信（排水量，舰长）	13036	2
2917	谷歌眼镜 售价	1546	4
2918	国际航班 液体登机	7287	3
2919	辽宁号  	17503	4
2920	清华大学游泳馆校内具体地点	3746	2
2921	清华大学游泳馆开放时间	7480	3
2922	辽宁号航母 实力	6029	3
2923	手提行李限制 国际航班	2630	4
2924	死飞自行车 清华附近 价格区间	22784	3
2925	戒烟	197	3
2926	辽宁号优势	2464	3
2927	辽宁号 维基	12753	4
2928	清华附近自行车店	10012	2
2929	买死飞要注意什么	22139	3
2930	北京周边  7天旅游	12511	3
2931	死飞公园 清华 价格	17298	3
2932	死飞自行车 报价	16360	2
2933	死飞自行车  购买注意事项	17950	2
2934	北京一周旅行攻略	15741	3
2935	旅行	10343	3
2936	清华大学游泳馆 所在地	12407	3
2937	十渡攻略	26049	4
2938	辽宁号与其他航母比较	11700	3
2939	在香港购买iphone6价格	10114	3
2940	清华西门 死飞公园	25679	3
2941	辽宁号相比较其他航母的优势和劣势	4748	3
2942	辽宁号历史	13137	3
2943	大陆iphone6	3261	0
2944	死飞自行车购买清华大学附近	19743	3
2945	辽宁号的优劣	9417	2
2946	清华大学游泳馆校内具体地点	3749	2
2947	清华大学露天泳池 学生价格	25280	3
2948	清华大学游泳馆 游泳卡	18630	3
2949	清华大学陈明游泳馆价格	1953	2
2950	清华大学游泳馆 价钱	11748	3
2951	清华大学游泳馆位置	9364	0
2952	清华大学游泳馆 校内具体位置	3807	2
2953	10人 破冰游戏	11558	4
2954	手提行李   液体容量	17604	3
2955	必须手提的行李	24297	2
2956	北京度假旅行景点推荐	13860	4
2957	5月 北京周边旅游 	20818	2
2958	香港购买iphone 关税	14419	3
2959	清华大学游泳馆 所在地	12410	3
2960	死飞自行车 北京	24087	3
2961	国际航班手提行李体积重量限制	4206	3
2962	辽宁号的基本信息	21372	2
2963	清华大学死飞自行车	630	3
2964	国际航班 行李要求	7091	3
2965	破冰游戏 新员工培训 10人	12730	0
2966	辽宁号航速	15535	2
2967	北京周边地方度假七日旅游	4626	3
2968	香港 iphone6   关税	18247	2
2969	清华大学 死飞	7952	4
2970	北京度假旅行 周边游	17230	2
2971	港版iphone6 关税	5878	2
2972	死飞自行车 清华	3093	3
2973	港版iphone6 价格	16711	4
2974	辽宁号航母 对比	6006	3
2975	国际航班手提行李可携带液体	13656	4
2976	死飞自行车  清华大学	17728	2
2977	北京度假旅行	2170	2
2978	手提行李限制 液体	8503	3
2979	手提行李限制	105	3
2980	国际航班行李限制	13589	4
2981	清华大学游泳馆开放时间	7473	2
2982	港版iphone6价格	10686	4
2983	死飞公园 清华 价格	17307	3
2984	5月北京周边旅游目的地	20775	3
2985	新员工培训大约十人的破冰游戏	21851	4
2986	谷歌眼镜 使用	11035	2
2987	破冰游戏 10人	8217	4
2988	北京度假旅行 5月	24452	2
2989	国际航班手提行李能携带多少液体	4257	4
2990	有效戒烟	16678	3
2991	国际航班 托运行李限制	23397	4
2992	买死飞 注意事项	6625	0
2993	如何购买港版iphone6	9339	3
2994	辽宁号 不足	3396	4
2995	北京周边5月 度假 攻略	6916	4
2996	辽宁号与美国航母对比	26327	2
2997	清华大学游泳馆位置	9358	2
2998	破冰游戏	5	4
2999	港版iphone6 入关	6197	4
3000	北京周边的度假胜地	9028	3
3001	谷歌眼镜	1489	3
3002	 新人培训 破冰游戏	20496	3
3003	清华大学游泳馆 开放时间	5277	2
3004	戒烟	213	4
3005	北京度假旅行	2187	3
3006	港版iphone6 需不需要关税	19892	3
3007	辽宁号	444	4
3008	辽宁号航母基本信息	24404	4
3009	破冰游戏 企业培训	17181	0
3010	清华陈明游泳馆 开放时间	7500	4
3011	死飞自行车  清华大学	17726	2
3012	死飞公园 价格	25832	2
3013	在香港买iphone 6	25454	4
3014	国行iphone6价格	3573	4
3015	港版iphone6	1113	3
3016	港版iphone6 购买	16205	0
3017	破冰游戏 员工培训	5516	3
3018	清华大学游泳馆位置	9361	2
3019	航母作用	3422	3
3020	清华大学游泳馆 地址	15243	2
3021	国际航班手提行李体积重量限制	4201	4
3022	国际航班 托运行李	10587	4
3023	避暑山庄旅游 7天	19598	4
3024	死飞  注意事项	22850	3
3025	 清华大学  购买死飞	17824	3
3026	辽宁号  基本信息	17436	4
3027	辽宁号 与其他国家航母比较	9568	3
3028	清华大学 游泳 票价	7608	4
3029	死飞 购买注意事项	3235	0
3030	死飞自行车	79	0
3031	北京周边旅游 多日游	18776	4
3032	死飞自行车  价格区间	22827	3
3033	北京 死飞	11583	3
3034	清华大学游泳馆	1631	3
3035	留美 行李中什么必须托运	9729	2
3036	国际航班 美国 行李限制	24274	4
3037	北京周边5月 度假 攻略	6915	4
3038	港版iphone6 关税	5881	2
3039	死飞自行车 清华大学	5578	2
3040	戒烟 好处	8287	3
3041	国际航班行李	21506	4
3042	破冰游戏	2	3
3043	新手十人破冰游戏	13719	4
3044	北京周边 旅行 五一	5404	3
3045	辽宁号 战略价值	10640	3
3046	谷歌眼镜 功能能	14834	4
3047	北京周边 度假旅行 	7848	1
3048	谷歌眼镜 功能	4913	1
3049	清华大学死飞自行车	632	2
3050	留美 行李限制	9623	2
3051	辽宁号	439	3
3052	北京 京西草原 交通	5460	3
3053	北京周边游 攻略	26202	3
3054	辽宁号 战略意义	7403	4
3055	北京周边旅游地点	19417	3
3056	航母作用	3425	2
3057	北京度假旅行  一周旅行团	18400	2
3058	北京 旅行 五一	5371	3
3059	北京5月 周边旅游推荐	6755	2
3060	国际航班 手提行李限制	11811	3
3061	手提行李限制 国际航班 液体	19269	3
3062	死飞公园 清华附近	8109	3
3063	航空母舰的战略意义	26298	4
3064	清华大学游泳馆 地址	15236	2
3065	清华附近自行车店	10009	1
3066	国际航班 托运行李	10578	3
3067	清华大学露天游泳馆	25246	1
3068	手提行李限制	103	3
3069	北京度假旅行  旅行团	18459	2
3070	北京一周旅行攻略	15736	2
3071	行李限制 中美航班	15709	3
3072	北京度假旅行	2166	2
3073	清华 死飞自行车	16270	3
3074	北京周边旅游 多日游	18775	3
3075	辽宁号与其他航母比较	11697	3
3076	破冰游戏十人	2361	4
3077	破冰游戏 10人	8215	3
3078	破冰游戏 企业培训	17179	0
3079	北京五月份一周度假旅行	2234	3
3080	死飞自行车	92	3
3081	死飞公园 清华大学	15978	0
3082	清华陈明游泳馆 价格	7517	2
3083	航母的战略意义	22194	3
3084	谷歌眼镜 使用	11031	2
3085	死飞自行车 注意事项	5619	3
3086	死飞自行车 清华大学	5571	2
3087	清华西湖游泳馆	15858	3
3088	行李 液体	6043	3
3089	清华大学游泳馆 场次	16828	3
3090	辽宁号  历史	17481	3
3091	托运行李限制 国际	17008	3
3092	谷歌眼镜功能	10975	2
3093	航母 战略意义	14921	4
3094	清华大学游泳馆	1650	3
3095	辽宁号与其他国家航母的对比	22459	3
3096	辽宁号 比较	9547	4
3097	清华大学游泳馆 时间	16779	3
3098	托运行李限制 国际	17006	4
3099	如何在香港购买iphone6	13253	4
3100	北京附近度假地	23963	3
3101	谷歌眼镜 价格	11012	1
3102	香港购买iphone6 关税多少	14489	2
3103	北京度假旅行	2183	2
3104	清华 死飞自行车	16266	3
